Serial No,Age,Gender,Stream,CGPA,Coding Skills,Communication Skills,Internships,HistoryOfBacklogs,PlacedOrNot,Package Offered (LPA)
1,22,Female,Electronics And Communication,8,9,6,1,0,0,0
2,21,Female,Computer Science,7,8,9,0,1,1,7
3,22,Male,Information Technology,6,6,8,2,1,1,4
4,21,Female,Information Technology,8,9,9,2,0,1,12
5,22,Male,Mechanical,8,7,7,1,0,1,7
6,22,Female,Electronics And Communication,6,6,5,2,1,1,5
7,21,Male,Computer Science,7,7,8,0,1,0,0
8,21,Female,Information Technology,7,8,9,2,1,1,8
9,21,Male,Computer Science,6,5,6,1,1,0,0
10,21,Male,Computer Science,6,6,5,1,1,1,4
11,22,Male,Computer Science,7,9,8,0,1,0,0
12,22,Male,Electrical,8,8,6,1,0,1,6
13,21,Male,Computer Science,6,6,7,1,1,0,0
14,21,Female,Computer Science,8,9,9,1,0,1,6
15,21,Male,Electronics And Communication,8,7,9,0,0,0,0
16,22,Male,Mechanical,8,9,7,1,0,1,6
17,22,Male,Computer Science,7,7,8,1,1,1,7
18,21,Female,Civil,6,4,6,1,1,1,4
19,21,Female,Computer Science,7,9,9,0,1,1,6
20,22,Male,Computer Science,7,8,6,2,1,1,10
21,22,Male,Civil,8,7,7,1,0,0,0
22,21,Female,Computer Science,6,5,8,0,1,1,5
23,22,Female,Civil,7,7,6,1,1,0,0
24,22,Female,Electronics And Communication,7,9,8,1,1,1,6
25,22,Male,Electronics And Communication,7,8,9,1,1,1,6
26,21,Male,Electrical,8,8,8,0,0,1,7
27,22,Female,Electrical,8,7,7,2,0,1,15
28,22,Female,Information Technology,8,8,7,0,0,0,0
29,22,Female,Information Technology,8,9,6,1,0,1,7
30,21,Female,Information Technology,6,4,4,1,1,1,5
31,22,Female,Mechanical,8,7,7,0,0,0,0
32,21,Female,Electrical,7,7,8,2,1,1,9
33,21,Male,Civil,7,8,6,2,1,1,8
34,21,Male,Electrical,7,8,6,1,1,0,0
35,21,Male,Computer Science,6,5,7,2,1,0,0
36,21,Female,Information Technology,6,5,4,0,1,0,0
37,22,Male,Civil,7,9,8,1,1,1,6
38,22,Male,Computer Science,8,9,8,2,0,1,11
39,22,Female,Information Technology,6,6,7,1,1,1,4
40,22,Male,Electronics And Communication,8,9,9,2,0,1,12
41,22,Male,Electrical,6,4,5,1,1,0,0
42,22,Female,Civil,8,8,6,1,0,1,6
43,21,Male,Electrical,7,7,9,0,1,1,6
44,21,Female,Electrical,7,7,6,1,1,1,6
45,22,Male,Information Technology,8,9,8,0,0,0,0
46,21,Female,Electronics And Communication,6,5,5,0,1,0,0
47,22,Male,Computer Science,8,7,8,2,0,1,12
48,21,Female,Electronics And Communication,7,9,9,2,1,1,10
49,21,Male,Information Technology,7,7,8,1,1,1,7
50,21,Male,Electronics And Communication,7,7,7,2,1,0,0
51,22,Female,Electronics And Communication,8,9,6,1,0,0,0
52,21,Male,Electrical,8,9,9,0,0,0,0
53,21,Female,Computer Science,8,7,9,0,0,1,6
54,21,Male,Electrical,6,5,6,0,1,1,5
55,21,Male,Electronics And Communication,6,6,6,1,1,0,0
56,21,Female,Computer Science,7,8,9,1,1,1,7
57,21,Female,Electronics And Communication,8,7,6,0,0,1,6
58,21,Male,Civil,8,7,8,1,0,0,0
59,21,Female,Electronics And Communication,8,9,9,2,0,1,15
60,21,Female,Electrical,8,7,7,2,0,0,0
61,21,Female,Computer Science,9,7,6,0,0,1,6
62,22,Female,Computer Science,8,7,6,2,0,1,17
63,21,Male,Information Technology,8,8,9,0,0,1,7
64,21,Male,Information Technology,9,7,9,0,0,0,0
65,21,Female,Information Technology,8,8,6,2,0,1,11
66,22,Male,Mechanical,9,9,6,0,0,0,0
67,22,Female,Computer Science,9,7,8,2,0,0,0
68,21,Male,Information Technology,8,9,7,0,0,1,7
69,22,Male,Computer Science,9,9,8,1,0,1,7
70,21,Male,Mechanical,8,9,6,1,0,1,7
71,22,Male,Electrical,8,7,9,2,0,0,0
72,22,Female,Information Technology,9,8,8,2,0,1,14
73,22,Male,Computer Science,9,7,6,0,0,1,6
74,21,Female,Information Technology,8,7,7,2,0,1,14
75,22,Male,Information Technology,9,7,6,0,0,1,6
76,21,Female,Civil,8,9,8,0,0,0,0
77,21,Male,Mechanical,9,7,9,0,0,0,0
78,22,Female,Mechanical,8,7,6,0,0,1,7
79,22,Male,Information Technology,8,8,9,0,0,0,0
80,21,Male,Computer Science,8,8,6,1,0,1,6
81,21,Male,Civil,9,7,9,1,0,1,6
82,21,Female,Computer Science,9,7,8,2,0,1,14
83,22,Female,Mechanical,8,7,6,2,0,0,0
84,21,Female,Information Technology,8,9,8,1,0,0,0
85,21,Male,Mechanical,8,9,6,0,0,0,0
86,21,Female,Electronics And Communication,7,7,6,0,1,0,0
87,21,Female,Computer Science,8,9,8,1,0,1,6
88,21,Female,Computer Science,6,6,8,0,1,1,4
89,22,Male,Civil,6,5,6,0,1,0,0
90,22,Male,Mechanical,7,9,9,1,1,1,7
91,21,Female,Civil,8,8,7,2,0,1,12
92,22,Female,Information Technology,6,4,4,1,1,0,0
93,21,Female,Electrical,6,5,8,0,1,1,4
94,22,Male,Information Technology,7,9,8,0,1,0,0
95,22,Female,Electronics And Communication,6,6,4,2,1,0,0
96,22,Male,Computer Science,8,8,6,2,0,1,13
97,21,Male,Computer Science,7,7,8,0,1,1,6
98,22,Female,Information Technology,8,9,6,2,0,1,16
99,22,Female,Information Technology,7,7,8,2,1,0,0
100,21,Female,Mechanical,7,8,7,0,1,0,0
101,23,Male,Computer Science,7,8,9,1,1,1,6
102,23,Female,Civil,6,6,5,0,1,0,0
103,23,Male,Mechanical,5,4,8,0,1,0,0
104,24,Female,Information Technology,6,5,7,2,1,0,0
105,23,Female,Electrical,5,5,6,0,1,0,0
106,23,Female,Information Technology,6,5,5,0,1,0,0
107,24,Female,Information Technology,6,4,5,1,1,0,0
108,24,Male,Information Technology,7,9,7,1,1,1,6
109,24,Male,Civil,7,8,7,1,1,1,6
110,23,Male,Information Technology,7,7,6,2,1,1,9
111,23,Female,Information Technology,6,6,8,2,1,0,0
112,24,Female,Electronics And Communication,6,6,4,1,1,0,0
113,24,Male,Electrical,7,7,7,1,1,1,7
114,23,Female,Information Technology,6,5,6,2,1,0,0
115,24,Male,Computer Science,6,4,4,0,1,0,0
116,23,Female,Electrical,6,6,7,2,1,0,0
117,23,Male,Information Technology,7,7,9,0,1,0,0
118,23,Male,Information Technology,7,8,6,0,1,0,0
119,24,Male,Information Technology,5,5,8,0,1,0,0
120,23,Female,Mechanical,6,4,5,1,1,0,0
121,23,Female,Information Technology,6,4,7,0,1,0,0
122,23,Female,Electronics And Communication,7,9,7,0,1,0,0
123,23,Female,Information Technology,5,4,6,2,1,0,0
124,23,Female,Information Technology,7,8,8,2,1,1,10
125,23,Female,Mechanical,7,9,9,1,1,1,7
126,24,Male,Information Technology,5,4,6,2,1,0,0
127,24,Male,Information Technology,7,9,9,0,1,0,0
128,24,Male,Computer Science,7,7,7,0,1,0,0
129,24,Male,Electronics And Communication,5,5,7,2,1,0,0
130,24,Male,Information Technology,7,8,6,1,1,1,7
131,23,Female,Mechanical,6,6,7,2,1,0,0
132,23,Male,Computer Science,6,6,6,0,1,0,0
133,23,Male,Mechanical,7,7,9,1,1,1,7
134,24,Male,Computer Science,6,5,7,2,1,0,0
135,23,Male,Mechanical,6,6,5,1,1,0,0
136,24,Female,Computer Science,6,6,7,1,1,0,0
137,24,Female,Mechanical,6,5,5,0,1,0,0
138,24,Male,Information Technology,5,5,6,2,1,0,0
139,23,Male,Electrical,5,5,8,2,1,0,0
140,24,Female,Electrical,5,4,8,2,1,0,0
141,23,Female,Computer Science,5,6,8,2,1,0,0
142,23,Male,Electronics And Communication,7,9,6,1,1,1,7
143,24,Female,Information Technology,7,7,6,0,1,0,0
144,24,Female,Computer Science,5,6,6,0,1,0,0
145,24,Male,Computer Science,5,4,7,1,1,0,0
146,23,Male,Civil,7,7,7,1,1,1,6
147,24,Male,Information Technology,6,6,5,0,1,0,0
148,23,Male,Mechanical,5,6,8,0,1,0,0
149,23,Male,Electrical,6,6,5,1,1,0,0
150,24,Female,Computer Science,7,7,8,2,1,1,8
151,23,Female,Electrical,5,5,6,2,1,0,0
152,24,Male,Information Technology,5,6,6,1,1,0,0
153,23,Male,Computer Science,5,6,5,2,1,0,0
154,23,Female,Electronics And Communication,6,6,5,0,1,0,0
155,24,Female,Civil,7,9,9,0,1,0,0
156,24,Female,Electronics And Communication,6,6,7,2,1,0,0
157,23,Female,Information Technology,5,4,6,2,1,0,0
158,24,Male,Computer Science,6,5,5,0,1,0,0
159,23,Female,Computer Science,6,6,6,2,1,0,0
160,24,Male,Computer Science,7,9,6,2,1,1,10
161,22,Female,Electronics And Communication,7,9,8,0,1,0,0
162,22,Female,Mechanical,5,4,4,2,1,0,0
163,22,Male,Computer Science,5,4,4,0,1,0,0
164,21,Male,Computer Science,6,4,6,1,1,0,0
165,21,Female,Civil,6,4,4,2,1,0,0
166,21,Female,Computer Science,6,4,8,1,1,0,0
167,21,Female,Electrical,5,6,8,1,1,0,0
168,21,Female,Information Technology,6,6,8,1,1,0,0
169,22,Female,Computer Science,5,4,5,2,1,0,0
170,22,Male,Computer Science,5,6,4,0,1,0,0
171,21,Female,Civil,6,4,6,1,1,0,0
172,21,Female,Information Technology,5,5,5,1,1,0,0
173,21,Male,Information Technology,6,5,5,0,1,0,0
174,22,Male,Civil,6,5,8,2,1,0,0
175,22,Male,Civil,7,7,8,0,1,0,0
176,21,Female,Information Technology,7,7,9,2,1,1,10
177,21,Male,Electronics And Communication,7,7,7,1,1,1,6
178,22,Female,Information Technology,7,8,8,1,1,1,6
179,22,Male,Electrical,6,4,4,1,1,0,0
180,21,Female,Mechanical,5,6,6,2,1,0,0
181,22,Female,Information Technology,6,6,5,0,1,0,0
182,22,Female,Computer Science,6,4,7,2,1,0,0
183,21,Female,Electronics And Communication,6,6,6,2,1,0,0
184,22,Female,Civil,5,4,5,2,1,0,0
185,21,Female,Electrical,5,6,7,1,1,0,0
186,22,Female,Civil,7,7,8,0,1,0,0
187,21,Male,Computer Science,7,8,6,2,1,1,8
188,21,Female,Computer Science,6,6,5,0,1,0,0
189,22,Female,Electronics And Communication,5,6,8,1,1,0,0
190,21,Male,Information Technology,6,6,7,0,1,0,0
191,22,Female,Computer Science,5,6,5,2,1,0,0
192,22,Male,Computer Science,5,6,5,2,1,0,0
193,21,Male,Mechanical,7,7,6,1,1,1,6
194,21,Female,Computer Science,5,5,5,2,1,0,0
195,21,Male,Information Technology,5,4,6,1,1,0,0
196,22,Male,Computer Science,5,4,4,0,1,0,0
197,21,Male,Electronics And Communication,6,6,4,0,1,0,0
198,21,Male,Information Technology,5,4,4,2,1,0,0
199,22,Female,Computer Science,7,8,9,1,1,1,6
200,21,Male,Computer Science,8,8,9,2,0,1,13
201,21,Female,Computer Science,7,7,9,1,1,1,7
202,22,Female,Computer Science,6,4,5,2,1,0,0
203,21,Female,Information Technology,6,6,5,2,1,0,0
204,21,Female,Electronics And Communication,7,8,7,2,1,1,10
205,21,Female,Computer Science,7,7,8,1,1,1,6
206,21,Female,Mechanical,8,8,8,2,0,1,16
207,22,Female,Mechanical,8,8,9,1,0,1,7
208,22,Female,Information Technology,6,6,6,1,1,0,0
209,21,Female,Electrical,7,8,9,1,1,1,6
210,21,Female,Mechanical,8,7,7,1,0,1,7
211,21,Female,Computer Science,8,9,6,2,0,1,11
212,21,Male,Information Technology,7,7,7,1,1,1,7
213,22,Male,Information Technology,6,5,6,2,1,0,0
214,22,Male,Information Technology,8,8,7,1,0,1,7
215,21,Female,Electrical,7,9,6,0,1,0,0
216,21,Female,Civil,6,5,7,2,1,0,0
217,21,Male,Computer Science,6,5,4,2,1,0,0
218,21,Male,Civil,7,7,6,0,1,0,0
219,22,Female,Electrical,7,8,7,0,1,0,0
220,21,Female,Electronics And Communication,6,4,5,2,1,0,0
221,22,Male,Electrical,8,8,6,2,0,1,14
222,22,Female,Computer Science,8,7,9,2,0,1,12
223,21,Female,Mechanical,6,4,8,0,1,0,0
224,22,Male,Computer Science,7,8,6,0,1,0,0
225,22,Female,Civil,6,5,6,1,1,0,0
226,21,Male,Civil,6,4,7,0,1,0,0
227,21,Female,Computer Science,7,9,8,2,1,1,8
228,21,Male,Computer Science,7,7,8,0,1,0,0
229,21,Female,Mechanical,6,6,4,0,1,0,0
230,22,Female,Mechanical,6,4,4,1,1,0,0
231,22,Male,Electronics And Communication,8,7,9,1,0,1,7
232,22,Female,Computer Science,8,7,9,0,0,0,0
233,21,Female,Information Technology,8,9,9,0,0,0,0
234,22,Female,Information Technology,7,8,6,0,1,0,0
235,21,Female,Information Technology,8,8,8,2,0,1,13
236,22,Female,Computer Science,8,8,6,0,0,0,0
237,22,Male,Computer Science,7,8,6,2,1,1,10
238,21,Female,Information Technology,7,9,6,2,1,1,9
239,21,Male,Mechanical,8,8,9,2,0,1,13
240,21,Female,Computer Science,6,6,5,0,1,0,0
241,22,Female,Information Technology,7,9,9,1,1,1,6
242,22,Female,Computer Science,6,5,4,2,1,0,0
243,21,Male,Information Technology,8,7,9,0,0,0,0
244,22,Female,Civil,7,8,7,0,1,0,0
245,21,Female,Electrical,6,6,5,1,1,0,0
246,21,Female,Electronics And Communication,6,4,6,2,1,0,0
247,21,Male,Mechanical,7,7,7,2,1,1,9
248,22,Male,Civil,7,9,6,0,1,0,0
249,22,Female,Electrical,6,4,8,0,1,0,0
250,22,Male,Computer Science,8,9,6,2,0,1,12
251,21,Male,Computer Science,8,7,6,1,0,1,7
252,21,Female,Information Technology,8,8,6,1,0,1,7
253,22,Female,Electronics And Communication,6,4,4,1,1,0,0
254,22,Male,Civil,7,7,8,2,1,1,9
255,22,Female,Information Technology,8,9,7,1,0,1,7
256,22,Female,Computer Science,8,8,6,1,0,1,6
257,22,Female,Mechanical,8,8,8,1,0,1,7
258,21,Male,Electrical,6,5,4,1,1,0,0
259,22,Female,Electronics And Communication,6,5,6,2,1,0,0
260,22,Male,Information Technology,8,8,8,0,0,0,0
261,22,Male,Computer Science,7,7,8,0,1,0,0
262,21,Female,Information Technology,8,7,7,1,0,1,6
263,21,Male,Electrical,7,8,6,2,1,1,8
264,22,Female,Mechanical,8,8,9,0,0,0,0
265,21,Male,Civil,6,5,5,2,1,0,0
266,21,Male,Information Technology,6,6,7,1,1,0,0
267,21,Male,Information Technology,8,8,7,1,0,1,6
268,22,Female,Electronics And Communication,8,9,9,1,0,1,6
269,21,Male,Civil,7,7,6,0,1,0,0
270,22,Female,Information Technology,6,4,5,1,1,0,0
271,21,Male,Electrical,6,4,6,2,1,0,0
272,22,Male,Information Technology,7,7,9,0,1,0,0
273,21,Male,Electronics And Communication,6,4,5,2,1,0,0
274,22,Male,Computer Science,8,8,9,0,0,0,0
275,21,Female,Electronics And Communication,7,9,7,2,1,1,8
276,22,Male,Mechanical,6,4,5,2,1,0,0
277,21,Male,Civil,7,9,9,1,1,1,7
278,21,Female,Civil,7,7,6,0,1,0,0
279,21,Female,Computer Science,7,9,6,0,1,0,0
280,21,Female,Information Technology,6,4,6,0,1,0,0
281,21,Female,Electronics And Communication,7,7,7,0,1,0,0
282,22,Female,Mechanical,8,7,7,0,0,0,0
283,21,Female,Mechanical,6,5,5,0,1,0,0
284,21,Male,Civil,7,7,6,0,1,0,0
285,22,Male,Electronics And Communication,8,9,9,1,0,1,7
286,21,Male,Electronics And Communication,6,6,8,0,1,0,0
287,21,Female,Mechanical,6,6,5,2,1,0,0
288,22,Male,Computer Science,8,9,8,1,0,1,6
289,21,Female,Civil,7,9,9,0,1,0,0
290,22,Male,Information Technology,7,7,6,1,1,1,6
291,22,Male,Computer Science,7,9,9,2,1,1,8
292,22,Female,Civil,6,5,7,1,1,0,0
293,22,Male,Computer Science,6,6,7,1,1,0,0
294,22,Male,Electronics And Communication,7,7,8,1,1,1,6
295,21,Male,Civil,8,8,7,0,0,0,0
296,21,Male,Civil,8,9,6,0,0,0,0
297,22,Female,Computer Science,6,6,5,0,1,0,0
298,22,Female,Computer Science,7,7,6,2,1,1,10
299,22,Male,Electronics And Communication,7,8,9,0,1,0,0
300,21,Female,Information Technology,7,9,7,1,1,1,7
301,22,Female,Civil,6,4,7,0,1,0,0
302,22,Male,Civil,6,4,8,1,1,0,0
303,21,Male,Electronics And Communication,7,9,9,0,1,0,0
304,21,Female,Information Technology,7,8,8,2,1,1,9
305,22,Male,Electronics And Communication,8,9,9,2,0,1,16
306,22,Female,Computer Science,6,6,7,2,1,0,0
307,22,Male,Electrical,8,7,7,1,0,1,7
308,22,Female,Information Technology,6,5,7,1,1,0,0
309,22,Male,Computer Science,6,6,4,1,1,0,0
310,21,Male,Electrical,8,8,7,0,0,0,0
311,21,Female,Computer Science,7,8,6,2,1,1,8
312,22,Male,Information Technology,7,9,9,0,1,0,0
313,22,Male,Computer Science,8,7,6,2,0,1,16
314,22,Male,Civil,6,6,4,0,1,0,0
315,22,Female,Mechanical,6,5,5,2,1,0,0
316,22,Female,Civil,7,9,8,1,1,1,7
317,22,Male,Information Technology,6,6,4,1,1,0,0
318,22,Male,Electrical,8,9,7,2,0,1,13
319,21,Male,Computer Science,6,5,4,0,1,0,0
320,21,Female,Computer Science,6,4,5,1,1,0,0
321,21,Female,Computer Science,8,9,9,2,0,1,14
322,21,Female,Mechanical,7,7,9,0,1,0,0
323,21,Male,Computer Science,8,7,7,2,0,1,15
324,22,Female,Civil,8,8,6,0,0,0,0
325,21,Female,Mechanical,6,5,6,0,1,0,0
326,22,Male,Computer Science,8,7,8,2,0,1,17
327,21,Male,Computer Science,8,8,6,0,0,0,0
328,21,Male,Electronics And Communication,6,6,8,2,1,0,0
329,22,Female,Electronics And Communication,6,6,8,1,1,0,0
330,22,Male,Information Technology,8,7,9,0,0,0,0
331,21,Female,Computer Science,6,5,7,1,1,0,0
332,22,Female,Electrical,6,4,8,0,1,0,0
333,22,Male,Electronics And Communication,7,9,7,0,1,0,0
334,21,Female,Information Technology,8,9,8,0,0,0,0
335,22,Female,Mechanical,8,7,9,0,0,0,0
336,22,Male,Mechanical,7,7,9,0,1,0,0
337,21,Female,Electronics And Communication,8,9,8,0,0,0,0
338,21,Female,Information Technology,6,5,7,1,1,0,0
339,22,Male,Computer Science,7,9,9,1,1,1,6
340,22,Female,Electronics And Communication,7,9,7,2,1,1,10
341,21,Male,Electronics And Communication,7,7,7,2,1,1,9
342,22,Female,Information Technology,8,7,9,1,0,1,7
343,21,Female,Information Technology,8,8,6,0,0,0,0
344,22,Female,Electrical,8,8,8,1,0,1,6
345,22,Female,Information Technology,6,5,6,0,1,0,0
346,22,Male,Mechanical,8,9,6,0,0,0,0
347,21,Female,Mechanical,6,5,5,0,1,0,0
348,21,Male,Electronics And Communication,8,7,6,2,0,1,14
349,21,Female,Civil,7,8,9,0,1,0,0
350,22,Female,Computer Science,8,8,9,2,0,1,15
351,22,Male,Information Technology,7,7,8,0,1,0,0
352,21,Female,Mechanical,6,6,7,0,1,0,0
353,21,Male,Mechanical,7,9,6,0,1,0,0
354,21,Male,Electronics And Communication,8,7,8,1,0,1,6
355,22,Female,Computer Science,6,6,6,0,1,0,0
356,22,Female,Electrical,6,6,5,1,1,0,0
357,21,Female,Information Technology,8,9,7,2,0,1,15
358,22,Female,Electrical,8,9,9,0,0,0,0
359,21,Male,Electronics And Communication,7,8,8,1,1,1,7
360,22,Male,Mechanical,7,7,8,2,1,1,10
361,22,Male,Electronics And Communication,7,8,6,2,1,1,9
362,21,Female,Computer Science,8,8,6,0,0,0,0
363,22,Female,Electronics And Communication,8,8,8,0,0,0,0
364,21,Female,Computer Science,8,7,8,1,0,1,6
365,21,Female,Information Technology,7,9,7,0,1,0,0
366,22,Male,Electronics And Communication,7,7,6,0,1,0,0
367,22,Female,Computer Science,6,4,5,0,1,0,0
368,21,Female,Computer Science,8,7,9,0,0,0,0
369,21,Female,Electrical,6,5,4,2,1,0,0
370,21,Female,Information Technology,6,6,7,0,1,0,0
371,22,Male,Computer Science,8,7,7,0,0,0,0
372,21,Female,Computer Science,7,8,7,0,1,0,0
373,22,Male,Information Technology,6,4,6,0,1,0,0
374,22,Female,Information Technology,6,6,7,2,1,0,0
375,22,Female,Civil,6,6,4,1,1,0,0
376,22,Female,Mechanical,7,8,8,0,1,0,0
377,21,Male,Mechanical,8,8,6,1,0,1,7
378,21,Female,Information Technology,6,4,7,2,1,0,0
379,21,Female,Mechanical,6,5,5,1,1,0,0
380,22,Male,Computer Science,7,7,8,2,1,1,8
381,21,Male,Computer Science,7,7,7,0,1,0,0
382,22,Female,Information Technology,8,7,7,2,0,1,12
383,21,Female,Computer Science,6,6,4,0,1,0,0
384,21,Female,Information Technology,6,4,5,2,1,0,0
385,22,Female,Electronics And Communication,6,4,7,1,1,0,0
386,21,Female,Information Technology,6,6,4,0,1,0,0
387,21,Female,Computer Science,8,8,7,1,0,1,7
388,22,Male,Mechanical,6,4,5,0,1,0,0
389,22,Female,Electronics And Communication,7,9,9,2,1,1,10
390,22,Female,Information Technology,7,8,6,2,1,1,8
391,22,Male,Civil,6,6,4,2,1,0,0
392,22,Male,Mechanical,8,7,6,1,0,1,6
393,21,Male,Electronics And Communication,8,9,7,2,0,1,15
394,22,Male,Computer Science,6,4,6,1,1,0,0
395,21,Male,Mechanical,6,4,5,2,1,0,0
396,21,Female,Information Technology,8,9,7,0,0,0,0
397,21,Female,Electronics And Communication,8,8,6,0,0,0,0
398,21,Female,Electronics And Communication,8,8,9,2,0,1,17
399,21,Male,Electronics And Communication,7,9,7,1,1,1,6
400,21,Male,Information Technology,6,5,8,2,1,0,0
401,22,Male,Electrical,6,4,6,0,1,0,0
402,22,Male,Mechanical,6,5,5,1,1,0,0
403,21,Male,Electronics And Communication,6,6,5,1,1,0,0
404,21,Female,Information Technology,5,5,6,1,1,0,0
405,21,Male,Computer Science,6,4,5,0,1,0,0
406,22,Male,Information Technology,5,4,4,1,1,0,0
407,21,Male,Mechanical,5,5,4,1,1,0,0
408,21,Male,Information Technology,6,5,4,2,1,0,0
409,21,Male,Computer Science,5,6,8,0,1,0,0
410,22,Female,Electrical,5,6,7,0,1,0,0
411,21,Female,Information Technology,5,4,8,2,1,0,0
412,22,Male,Electronics And Communication,7,9,9,2,1,1,8
413,21,Male,Electrical,7,8,7,1,1,1,7
414,21,Male,Electronics And Communication,6,6,8,2,1,0,0
415,22,Female,Computer Science,6,6,5,2,1,0,0
416,22,Female,Mechanical,6,4,8,0,1,0,0
417,22,Female,Computer Science,6,6,4,1,1,0,0
418,21,Female,Electrical,6,6,6,2,1,0,0
419,22,Male,Civil,6,5,4,1,1,0,0
420,22,Male,Information Technology,7,8,8,0,1,0,0
421,21,Male,Computer Science,6,4,6,1,1,0,0
422,22,Female,Electrical,6,5,5,0,1,0,0
423,22,Male,Computer Science,6,6,6,0,1,0,0
424,21,Male,Computer Science,7,8,8,1,1,1,7
425,22,Male,Mechanical,8,8,8,2,0,1,13
426,21,Female,Electrical,7,9,7,1,1,1,6
427,22,Male,Mechanical,8,7,9,2,0,1,18
428,21,Female,Electrical,6,5,5,1,1,0,0
429,21,Male,Computer Science,8,8,9,1,0,1,6
430,21,Male,Computer Science,7,8,8,2,1,1,9
431,21,Male,Electrical,6,4,5,1,1,0,0
432,22,Female,Civil,8,8,6,1,0,1,6
433,21,Male,Civil,8,7,7,2,0,1,15
434,21,Male,Information Technology,6,5,7,2,1,0,0
435,21,Female,Computer Science,6,4,5,2,1,0,0
436,21,Female,Mechanical,6,5,4,1,1,0,0
437,21,Female,Civil,7,7,6,2,1,1,8
438,21,Male,Information Technology,8,8,7,1,0,1,6
439,22,Female,Civil,8,7,7,1,0,1,7
440,22,Male,Computer Science,7,8,6,0,1,0,0
441,21,Male,Electrical,6,4,5,2,1,0,0
442,21,Male,Electrical,6,4,4,2,1,0,0
443,22,Female,Electronics And Communication,8,9,9,0,0,0,0
444,21,Female,Computer Science,7,7,6,0,1,0,0
445,21,Male,Computer Science,7,8,7,2,1,1,8
446,21,Female,Civil,8,8,7,2,0,1,13
447,22,Female,Information Technology,8,8,7,2,0,1,16
448,21,Male,Electronics And Communication,6,6,4,0,1,0,0
449,28,Female,Civil,8,9,7,1,0,1,7
450,21,Female,Computer Science,7,7,6,2,1,1,9
451,22,Female,Electronics And Communication,6,5,6,0,1,0,0
452,21,Male,Information Technology,8,7,8,1,0,1,6
453,22,Female,Mechanical,6,6,6,0,1,0,0
454,21,Male,Mechanical,8,7,9,0,0,0,0
455,21,Male,Information Technology,6,5,7,0,1,0,0
456,22,Male,Mechanical,7,7,6,2,1,1,10
457,22,Male,Electronics And Communication,8,8,7,2,0,1,16
458,21,Male,Electrical,6,4,8,2,1,0,0
459,21,Female,Mechanical,6,5,5,0,1,0,0
460,22,Male,Mechanical,7,9,8,0,1,0,0
461,22,Male,Electronics And Communication,6,5,7,0,1,0,0
462,22,Female,Computer Science,7,9,8,2,1,1,10
463,21,Male,Computer Science,7,7,9,1,1,1,6
464,22,Female,Computer Science,8,9,8,2,0,1,13
465,22,Female,Information Technology,6,6,7,0,1,0,0
466,21,Female,Electronics And Communication,6,6,7,1,1,0,0
467,22,Female,Computer Science,6,4,6,0,1,0,0
468,21,Female,Civil,6,5,4,1,1,0,0
469,22,Female,Information Technology,8,8,7,0,0,0,0
470,21,Male,Information Technology,8,8,7,1,0,1,6
471,21,Male,Mechanical,8,8,8,1,0,1,7
472,22,Female,Civil,6,5,4,2,1,0,0
473,22,Female,Electrical,7,9,7,2,1,1,9
474,21,Male,Information Technology,6,4,7,2,1,0,0
475,21,Male,Mechanical,6,5,8,1,1,0,0
476,22,Male,Mechanical,6,5,7,0,1,0,0
477,22,Male,Information Technology,7,9,8,0,1,0,0
478,22,Male,Information Technology,7,7,9,0,1,0,0
479,21,Male,Computer Science,8,9,7,0,0,0,0
480,22,Female,Computer Science,6,4,7,2,1,0,0
481,21,Male,Computer Science,8,8,8,1,0,1,6
482,21,Male,Information Technology,8,8,8,0,0,0,0
483,21,Female,Computer Science,8,7,8,1,0,1,6
484,22,Male,Information Technology,6,5,7,2,1,0,0
485,21,Female,Electronics And Communication,8,9,9,2,0,1,11
486,22,Male,Mechanical,7,7,6,2,1,1,9
487,21,Female,Information Technology,8,9,8,0,0,0,0
488,22,Male,Electrical,6,6,5,1,1,0,0
489,22,Male,Mechanical,7,7,6,2,1,1,10
490,22,Male,Civil,6,5,8,2,1,0,0
491,22,Female,Information Technology,6,4,7,1,1,0,0
492,22,Male,Electronics And Communication,7,8,9,0,1,0,0
493,21,Male,Information Technology,8,7,8,1,0,1,6
494,22,Female,Electrical,7,7,8,2,1,1,10
495,22,Female,Mechanical,6,5,4,2,1,0,0
496,21,Male,Civil,6,4,5,0,1,0,0
497,22,Male,Electronics And Communication,6,4,5,0,1,0,0
498,21,Male,Computer Science,7,9,6,2,1,1,8
499,22,Male,Mechanical,7,9,9,2,1,1,9
500,22,Female,Mechanical,7,9,7,1,1,1,7
501,22,Female,Mechanical,7,7,8,2,1,1,9
502,21,Male,Computer Science,7,7,9,1,1,1,6
503,22,Female,Computer Science,7,9,9,2,1,1,10
504,21,Male,Electrical,6,5,4,1,1,0,0
505,22,Male,Civil,6,6,8,1,1,0,0
506,21,Male,Information Technology,8,7,6,0,0,0,0
507,22,Female,Electronics And Communication,8,7,6,1,0,1,7
508,21,Female,Information Technology,7,9,8,1,1,1,6
509,21,Female,Computer Science,8,7,9,2,0,1,17
510,21,Female,Information Technology,7,8,9,2,1,1,9
511,21,Male,Mechanical,6,4,7,1,1,0,0
512,22,Male,Mechanical,8,8,7,1,0,1,6
513,21,Male,Computer Science,8,9,8,0,0,0,0
514,22,Female,Electrical,8,7,9,0,0,0,0
515,21,Female,Civil,8,9,9,2,0,1,15
516,22,Female,Computer Science,7,7,8,2,1,1,8
517,21,Female,Electrical,7,9,9,0,1,0,0
518,21,Female,Information Technology,7,9,7,2,1,1,8
519,21,Male,Computer Science,8,8,6,2,0,1,14
520,21,Female,Computer Science,8,8,8,1,0,1,6
521,21,Male,Electronics And Communication,6,6,4,0,1,0,0
522,22,Female,Mechanical,8,9,7,1,0,1,7
523,22,Male,Electronics And Communication,8,8,8,0,0,0,0
524,21,Female,Computer Science,6,4,8,1,1,0,0
525,21,Female,Civil,7,8,7,1,1,1,6
526,22,Male,Electronics And Communication,7,7,7,1,1,1,7
527,22,Female,Electrical,7,8,6,2,1,1,10
528,22,Female,Electrical,8,9,6,0,0,0,0
529,21,Female,Information Technology,8,9,9,2,0,1,17
530,22,Male,Mechanical,7,8,7,1,1,1,6
531,21,Male,Civil,6,6,6,2,1,0,0
532,22,Male,Mechanical,6,5,5,2,1,0,0
533,22,Male,Electronics And Communication,7,8,8,0,1,0,0
534,22,Female,Mechanical,7,9,8,2,1,1,8
535,22,Female,Mechanical,8,7,7,0,0,0,0
536,21,Male,Computer Science,7,9,8,0,1,0,0
537,21,Female,Electronics And Communication,8,8,8,2,0,1,11
538,21,Male,Mechanical,7,9,6,1,1,1,7
539,22,Female,Information Technology,7,7,8,0,1,0,0
540,21,Female,Computer Science,7,8,9,1,1,1,6
541,22,Female,Civil,8,8,7,2,0,1,13
542,22,Male,Electronics And Communication,8,9,7,1,0,1,6
543,22,Female,Mechanical,7,8,7,0,1,0,0
544,22,Male,Information Technology,7,7,7,1,1,1,6
545,22,Male,Computer Science,6,4,5,2,1,0,0
546,21,Female,Computer Science,6,6,4,0,1,0,0
547,22,Male,Civil,6,5,6,1,1,0,0
548,21,Male,Civil,8,9,9,2,0,1,11
549,22,Male,Computer Science,7,8,9,2,1,1,10
550,21,Male,Mechanical,8,7,7,0,0,0,0
551,30,Female,Computer Science,8,8,6,0,0,0,0
552,22,Male,Information Technology,8,7,7,1,0,1,6
553,21,Male,Information Technology,7,9,6,0,1,0,0
554,22,Male,Electronics And Communication,7,9,8,1,1,1,6
555,22,Female,Information Technology,8,8,8,2,0,1,13
556,22,Female,Civil,7,8,9,1,1,1,7
557,22,Male,Electrical,6,5,8,2,1,0,0
558,21,Male,Civil,7,7,9,2,1,1,9
559,21,Male,Computer Science,6,6,4,0,1,0,0
560,22,Male,Electrical,7,7,7,2,1,1,8
561,21,Female,Information Technology,8,7,8,1,0,1,6
562,21,Female,Computer Science,7,9,9,2,1,1,8
563,22,Female,Electrical,7,9,8,1,1,1,7
564,22,Female,Electrical,8,9,6,1,0,1,7
565,22,Female,Electrical,7,7,9,1,1,1,6
566,21,Male,Computer Science,7,8,9,2,1,1,9
567,21,Female,Computer Science,7,7,7,0,1,0,0
568,21,Female,Computer Science,7,8,7,1,1,1,7
569,22,Male,Electrical,7,7,8,0,1,0,0
570,22,Female,Computer Science,6,6,4,2,1,0,0
571,22,Male,Electronics And Communication,8,7,8,1,0,1,7
572,21,Female,Electrical,7,9,7,2,1,1,10
573,22,Male,Information Technology,6,5,4,1,1,0,0
574,21,Male,Computer Science,7,7,6,1,1,1,6
575,22,Male,Information Technology,8,8,7,0,0,0,0
576,22,Female,Electronics And Communication,7,7,7,1,1,1,6
577,21,Female,Information Technology,6,6,5,1,1,0,0
578,21,Female,Civil,7,7,8,1,1,1,7
579,22,Female,Electrical,8,9,7,0,0,0,0
580,22,Female,Computer Science,6,6,7,1,1,0,0
581,21,Male,Information Technology,7,7,6,0,1,0,0
582,21,Female,Civil,8,9,6,0,0,0,0
583,21,Male,Computer Science,7,7,7,1,1,1,6
584,22,Male,Civil,7,7,8,2,1,1,10
585,21,Male,Computer Science,7,9,9,2,1,1,9
586,22,Male,Electronics And Communication,8,7,6,1,0,1,6
587,21,Female,Computer Science,7,8,8,0,1,0,0
588,22,Female,Computer Science,6,4,6,1,1,0,0
589,21,Male,Computer Science,7,7,6,0,1,0,0
590,21,Female,Electronics And Communication,7,8,8,1,1,1,7
591,21,Male,Information Technology,8,8,8,1,0,1,6
592,21,Male,Electronics And Communication,7,9,7,0,1,0,0
593,22,Female,Information Technology,6,5,4,1,1,0,0
594,22,Female,Computer Science,6,4,4,2,1,0,0
595,21,Female,Electronics And Communication,7,9,7,0,1,0,0
596,22,Male,Computer Science,6,4,6,1,1,0,0
597,21,Male,Electronics And Communication,8,7,7,0,0,0,0
598,22,Male,Information Technology,8,7,7,2,0,1,16
599,22,Male,Information Technology,7,7,7,1,1,1,6
600,21,Female,Information Technology,6,5,8,2,1,0,0
601,21,Male,Computer Science,8,7,9,2,0,1,14
602,22,Female,Information Technology,7,8,8,0,1,0,0
603,21,Female,Computer Science,7,7,6,0,1,0,0
604,21,Female,Information Technology,8,8,6,1,0,1,6
605,21,Female,Computer Science,7,8,6,2,1,1,8
606,22,Female,Information Technology,7,8,7,1,1,1,7
607,22,Female,Computer Science,7,8,8,0,1,0,0
608,21,Male,Electrical,8,7,6,2,0,1,18
609,21,Female,Information Technology,7,8,8,1,1,1,7
610,22,Male,Computer Science,8,9,6,1,0,1,6
611,21,Female,Computer Science,7,8,6,0,1,0,0
612,21,Male,Civil,6,4,8,2,1,0,0
613,22,Male,Electrical,6,6,6,0,1,0,0
614,21,Female,Information Technology,8,9,7,1,0,1,6
615,21,Female,Electronics And Communication,7,8,9,2,1,1,10
616,21,Male,Electrical,7,8,9,0,1,0,0
617,21,Male,Electrical,8,7,6,1,0,1,6
618,22,Female,Electronics And Communication,8,8,9,2,0,1,13
619,22,Male,Mechanical,8,9,6,2,0,1,13
620,21,Female,Civil,8,9,8,1,0,1,6
621,22,Female,Computer Science,6,4,8,1,1,0,0
622,22,Female,Electrical,6,6,6,2,1,0,0
623,22,Male,Mechanical,7,8,8,0,1,0,0
624,22,Female,Electronics And Communication,7,9,8,1,1,1,7
625,22,Male,Electronics And Communication,8,7,9,0,0,0,0
626,22,Male,Electronics And Communication,8,9,9,2,0,1,11
627,21,Male,Mechanical,6,4,8,0,1,0,0
628,22,Male,Mechanical,6,4,7,1,1,0,0
629,22,Female,Civil,6,4,5,1,1,0,0
630,21,Male,Mechanical,8,9,9,2,0,1,11
631,21,Female,Information Technology,6,6,4,1,1,0,0
632,21,Female,Electronics And Communication,8,8,7,2,0,1,12
633,21,Male,Information Technology,8,9,8,1,0,1,6
634,22,Male,Computer Science,7,7,8,0,1,0,0
635,22,Female,Information Technology,8,8,6,2,0,1,14
636,22,Male,Electrical,8,7,6,2,0,1,15
637,22,Male,Electronics And Communication,8,7,7,1,0,1,6
638,21,Female,Computer Science,6,5,7,0,1,0,0
639,22,Female,Computer Science,7,9,9,1,1,1,6
640,21,Male,Mechanical,7,9,8,1,1,1,7
641,21,Female,Computer Science,6,4,5,0,1,0,0
642,22,Female,Computer Science,6,5,5,0,1,0,0
643,21,Female,Mechanical,6,5,5,0,1,0,0
644,22,Female,Electronics And Communication,7,7,7,0,1,0,0
645,21,Female,Computer Science,8,7,8,0,0,0,0
646,22,Female,Electrical,7,7,8,0,1,0,0
647,21,Male,Information Technology,6,4,4,1,1,0,0
648,21,Male,Information Technology,7,9,9,1,1,1,7
649,22,Female,Information Technology,6,6,6,1,1,0,0
650,21,Male,Mechanical,6,4,6,2,1,0,0
651,22,Female,Mechanical,6,6,5,0,1,0,0
652,21,Female,Electronics And Communication,7,9,6,2,1,1,9
653,22,Male,Information Technology,6,6,7,0,1,0,0
654,22,Female,Civil,8,9,6,0,0,0,0
655,21,Male,Electrical,7,9,6,0,1,0,0
656,22,Male,Electronics And Communication,7,7,6,1,1,1,7
657,22,Female,Information Technology,8,7,9,0,0,0,0
658,22,Female,Electrical,6,6,5,1,1,0,0
659,21,Male,Mechanical,7,9,8,0,1,0,0
660,22,Male,Electronics And Communication,7,7,9,2,1,1,9
661,22,Male,Information Technology,7,8,6,1,1,1,7
662,22,Male,Computer Science,7,7,9,0,1,0,0
663,21,Male,Electronics And Communication,8,8,9,1,0,1,6
664,22,Female,Computer Science,6,4,7,2,1,0,0
665,22,Female,Information Technology,7,9,7,2,1,1,10
666,21,Female,Electronics And Communication,6,5,4,1,1,0,0
667,22,Male,Mechanical,7,7,8,1,1,1,7
668,22,Female,Computer Science,7,9,6,2,1,1,8
669,22,Female,Electrical,7,7,8,0,1,0,0
670,21,Male,Civil,6,5,5,2,1,0,0
671,22,Female,Civil,6,6,7,1,1,0,0
672,22,Male,Electrical,7,7,8,2,1,1,10
673,21,Female,Computer Science,7,7,8,2,1,1,9
674,22,Female,Information Technology,6,5,6,2,1,0,0
675,21,Male,Electrical,8,9,8,1,0,1,7
676,21,Female,Mechanical,7,9,8,0,1,0,0
677,21,Female,Computer Science,6,4,7,2,1,0,0
678,22,Male,Computer Science,7,9,8,2,1,1,8
679,22,Male,Civil,8,9,6,1,0,1,7
680,22,Male,Information Technology,7,8,6,2,1,1,10
681,21,Female,Information Technology,8,7,9,2,0,1,13
682,21,Female,Computer Science,8,7,6,2,0,1,18
683,22,Male,Information Technology,8,8,7,0,0,0,0
684,21,Female,Electronics And Communication,6,6,7,0,1,0,0
685,22,Female,Civil,6,6,8,1,1,0,0
686,21,Male,Electronics And Communication,8,7,6,2,0,1,14
687,21,Female,Mechanical,7,9,6,1,1,1,7
688,21,Male,Electrical,7,9,9,0,1,0,0
689,22,Male,Mechanical,8,9,6,0,0,0,0
690,21,Male,Civil,6,6,8,1,1,0,0
691,22,Male,Information Technology,8,7,6,1,0,1,7
692,21,Male,Computer Science,7,8,6,1,1,1,6
693,22,Male,Computer Science,8,9,6,0,0,0,0
694,21,Female,Information Technology,8,7,6,2,0,1,18
695,22,Female,Information Technology,7,9,8,0,1,0,0
696,22,Female,Civil,6,4,8,1,1,0,0
697,21,Female,Computer Science,8,9,8,0,0,0,0
698,21,Male,Computer Science,8,7,6,1,0,1,7
699,21,Male,Mechanical,6,5,6,0,1,0,0
700,21,Female,Electrical,8,9,8,1,0,1,7
701,25,Female,Computer Science,7,7,7,1,1,1,6
702,26,Female,Electronics And Communication,6,4,6,1,1,0,0
703,24,Female,Electrical,8,7,7,2,0,1,13
704,25,Male,Computer Science,6,4,7,1,1,0,0
705,24,Male,Electronics And Communication,6,4,6,2,1,0,0
706,25,Female,Computer Science,8,9,7,0,0,0,0
707,23,Male,Electronics And Communication,9,8,8,1,0,1,7
708,24,Female,Electrical,7,8,6,1,1,1,7
709,25,Male,Civil,9,7,9,0,0,0,0
710,25,Male,Computer Science,8,8,9,1,0,1,6
711,26,Male,Information Technology,6,4,5,1,1,0,0
712,26,Male,Information Technology,6,4,6,2,1,0,0
713,25,Male,Electrical,8,8,8,2,0,1,17
714,26,Female,Information Technology,8,7,7,1,0,1,6
715,24,Male,Information Technology,8,7,6,0,0,0,0
716,25,Male,Computer Science,8,8,6,0,0,0,0
717,23,Female,Computer Science,6,4,6,1,1,0,0
718,23,Male,Civil,7,8,8,1,1,1,6
719,24,Female,Electronics And Communication,9,7,9,2,0,1,14
720,25,Female,Computer Science,8,7,9,1,0,1,7
721,24,Female,Computer Science,7,9,8,1,1,1,7
722,24,Female,Mechanical,8,9,7,1,0,1,6
723,23,Female,Mechanical,8,9,6,1,0,1,7
724,26,Female,Information Technology,8,9,9,1,0,1,7
725,23,Female,Civil,7,7,8,0,1,0,0
726,26,Female,Computer Science,9,7,7,0,0,0,0
727,26,Female,Electrical,8,7,7,2,0,1,16
728,26,Male,Electrical,9,8,9,0,0,0,0
729,26,Female,Civil,6,6,8,2,1,0,0
730,24,Female,Mechanical,9,7,6,2,0,1,11
731,24,Male,Computer Science,7,9,9,2,1,1,9
732,23,Male,Electrical,8,7,9,1,0,1,6
733,26,Female,Mechanical,7,7,6,2,1,1,9
734,23,Male,Information Technology,7,7,6,2,1,1,8
735,24,Male,Mechanical,8,8,7,2,0,1,11
736,26,Female,Civil,9,8,6,1,0,1,7
737,25,Male,Electrical,7,7,9,0,1,0,0
738,23,Female,Mechanical,9,9,6,1,0,1,6
739,24,Male,Computer Science,8,8,8,1,0,1,7
740,23,Male,Information Technology,8,8,9,0,0,0,0
741,23,Male,Mechanical,7,9,8,1,1,1,7
742,26,Female,Computer Science,7,9,6,2,1,1,8
743,24,Female,Information Technology,6,4,4,1,1,0,0
744,26,Female,Electrical,8,9,8,0,0,0,0
745,23,Male,Computer Science,6,4,4,1,1,0,0
746,23,Male,Civil,7,8,8,2,1,1,9
747,26,Female,Information Technology,7,8,6,2,1,1,10
748,26,Female,Civil,7,9,7,1,1,1,7
749,24,Male,Computer Science,7,8,8,1,1,1,6
750,23,Male,Information Technology,8,7,8,0,0,0,0
751,26,Male,Information Technology,6,5,5,0,1,0,0
752,23,Male,Electronics And Communication,6,6,6,2,1,0,0
753,24,Female,Civil,7,9,9,2,1,1,10
754,24,Female,Computer Science,6,4,6,0,1,0,0
755,25,Male,Information Technology,6,6,6,2,1,0,0
756,25,Male,Computer Science,8,7,9,1,0,1,6
757,26,Male,Civil,8,8,9,0,0,0,0
758,24,Female,Mechanical,6,4,7,0,1,0,0
759,26,Female,Electrical,8,9,8,2,0,1,12
760,25,Female,Information Technology,8,9,6,1,0,1,7
761,22,Female,Computer Science,6,4,8,1,1,0,0
762,21,Male,Information Technology,6,4,4,2,1,0,0
763,22,Male,Electrical,6,6,5,0,1,0,0
764,22,Male,Information Technology,6,6,7,2,1,0,0
765,22,Male,Computer Science,6,6,5,2,1,0,0
766,22,Male,Electronics And Communication,8,7,8,1,0,1,6
767,21,Male,Computer Science,6,4,4,1,1,0,0
768,22,Male,Computer Science,6,4,5,1,1,0,0
769,21,Male,Information Technology,6,5,5,0,1,0,0
770,21,Female,Electrical,8,8,7,2,0,1,13
771,22,Male,Mechanical,7,7,7,1,1,1,7
772,22,Male,Computer Science,8,7,8,0,0,0,0
773,22,Female,Computer Science,8,8,9,2,0,1,18
774,22,Male,Computer Science,8,8,6,0,0,0,0
775,21,Male,Information Technology,7,8,9,0,1,0,0
776,21,Male,Electronics And Communication,6,5,8,0,1,0,0
777,21,Female,Electrical,6,4,8,1,1,0,0
778,22,Male,Computer Science,6,6,7,2,1,0,0
779,22,Female,Electrical,8,9,8,1,0,1,7
780,21,Male,Electrical,7,8,8,2,1,1,8
781,21,Male,Mechanical,7,8,8,1,1,1,7
782,22,Female,Electrical,7,7,6,1,1,1,7
783,21,Male,Information Technology,8,8,9,1,0,1,6
784,22,Male,Mechanical,8,7,6,1,0,1,7
785,21,Male,Computer Science,8,9,8,0,0,0,0
786,22,Male,Civil,6,6,8,1,1,0,0
787,21,Female,Information Technology,6,6,7,1,1,0,0
788,21,Male,Electronics And Communication,8,8,9,2,0,1,14
789,22,Female,Information Technology,8,8,6,2,0,1,12
790,22,Male,Mechanical,8,7,9,0,0,0,0
791,22,Male,Civil,8,8,6,1,0,1,7
792,22,Male,Civil,6,5,4,1,1,0,0
793,22,Male,Computer Science,8,7,7,1,0,1,6
794,22,Male,Electronics And Communication,8,7,8,0,0,0,0
795,22,Female,Computer Science,8,7,6,1,0,1,7
796,22,Female,Electrical,8,9,8,0,0,0,0
797,22,Female,Information Technology,7,9,6,1,1,1,7
798,22,Male,Computer Science,8,9,9,1,0,1,6
799,22,Female,Electrical,7,7,9,2,1,1,9
800,21,Female,Electronics And Communication,8,8,6,0,0,0,0
801,22,Male,Information Technology,7,9,7,0,1,0,0
802,21,Male,Computer Science,7,7,7,1,1,1,7
803,22,Male,Civil,6,6,6,2,1,0,0
804,21,Female,Information Technology,6,4,5,1,1,0,0
805,22,Female,Computer Science,8,9,8,2,0,1,15
806,21,Female,Mechanical,8,9,6,0,0,0,0
807,22,Male,Civil,6,4,5,0,1,0,0
808,22,Female,Computer Science,6,4,5,0,1,0,0
809,22,Male,Computer Science,7,7,7,2,1,1,9
810,21,Male,Civil,6,5,6,2,1,0,0
811,22,Male,Computer Science,8,8,9,0,0,0,0
812,21,Female,Civil,8,8,6,2,0,1,15
813,21,Female,Electronics And Communication,6,4,8,0,1,0,0
814,22,Female,Mechanical,8,9,8,2,0,1,16
815,22,Female,Information Technology,8,9,9,2,0,1,11
816,21,Male,Civil,6,4,7,2,1,0,0
817,22,Female,Electronics And Communication,6,4,6,1,1,0,0
818,21,Male,Mechanical,8,7,8,0,0,0,0
819,21,Male,Electrical,7,8,7,1,1,1,6
820,22,Female,Computer Science,6,4,5,0,1,0,0
821,22,Female,Information Technology,7,8,8,1,1,1,7
822,21,Male,Electronics And Communication,8,8,6,1,0,1,6
823,21,Male,Computer Science,8,9,6,0,0,0,0
824,22,Male,Civil,7,9,8,0,1,0,0
825,21,Female,Electronics And Communication,7,8,7,0,1,0,0
826,21,Male,Civil,8,9,8,1,0,1,7
827,21,Female,Mechanical,7,8,8,0,1,0,0
828,21,Male,Information Technology,7,9,6,1,1,1,7
829,21,Male,Electronics And Communication,6,5,6,2,1,0,0
830,21,Male,Information Technology,8,8,7,2,0,1,16
831,21,Male,Electronics And Communication,7,7,6,0,1,0,0
832,21,Male,Information Technology,8,7,6,1,0,1,7
833,22,Female,Electronics And Communication,7,8,8,1,1,1,7
834,21,Female,Mechanical,6,4,6,2,1,0,0
835,21,Female,Mechanical,6,5,6,1,1,0,0
836,21,Female,Mechanical,8,8,9,1,0,1,6
837,22,Male,Electrical,8,9,7,1,0,1,6
838,21,Female,Information Technology,6,6,8,1,1,0,0
839,22,Male,Information Technology,6,6,6,0,1,0,0
840,22,Male,Computer Science,6,6,4,0,1,0,0
841,21,Male,Information Technology,6,5,6,1,1,0,0
842,22,Male,Computer Science,7,7,7,1,1,1,6
843,22,Male,Mechanical,8,7,7,0,0,0,0
844,22,Female,Electrical,7,8,6,2,1,1,10
845,22,Male,Electronics And Communication,6,4,6,1,1,0,0
846,21,Female,Computer Science,7,8,9,2,1,1,9
847,22,Female,Electrical,6,6,5,1,1,0,0
848,21,Female,Electronics And Communication,6,5,4,1,1,0,0
849,22,Male,Information Technology,8,8,9,0,0,0,0
850,22,Male,Electronics And Communication,8,8,7,2,0,1,14
851,22,Male,Mechanical,7,9,9,1,1,1,6
852,22,Female,Information Technology,6,6,7,0,1,0,0
853,21,Female,Electrical,7,9,7,1,1,1,6
854,22,Male,Electronics And Communication,7,9,8,0,1,0,0
855,22,Male,Computer Science,7,8,7,1,1,1,7
856,21,Male,Computer Science,8,9,7,0,0,0,0
857,21,Male,Computer Science,7,8,6,0,1,0,0
858,22,Male,Information Technology,6,4,5,2,1,0,0
859,21,Female,Information Technology,6,4,7,2,1,0,0
860,22,Male,Civil,8,7,9,0,0,0,0
861,22,Female,Mechanical,7,8,7,0,1,0,0
862,21,Female,Computer Science,8,9,6,0,0,0,0
863,21,Male,Mechanical,8,8,8,1,0,1,7
864,21,Male,Electrical,7,9,7,1,1,1,7
865,21,Female,Computer Science,6,6,8,1,1,0,0
866,22,Male,Mechanical,6,6,5,2,1,0,0
867,22,Female,Civil,6,5,6,0,1,0,0
868,21,Male,Electronics And Communication,7,8,8,0,1,0,0
869,22,Male,Information Technology,8,7,7,2,0,1,17
870,22,Female,Electronics And Communication,6,5,4,0,1,0,0
871,22,Female,Information Technology,6,6,8,0,1,0,0
872,22,Male,Mechanical,7,8,6,2,1,1,9
873,22,Female,Mechanical,6,6,4,1,1,0,0
874,22,Male,Information Technology,8,7,9,2,0,1,16
875,22,Male,Information Technology,8,7,7,1,0,1,6
876,21,Male,Electrical,6,5,7,0,1,0,0
877,22,Female,Computer Science,7,7,7,1,1,1,7
878,21,Female,Computer Science,8,8,7,2,0,1,14
879,21,Male,Information Technology,6,5,6,2,1,0,0
880,21,Female,Electronics And Communication,8,8,6,2,0,1,11
881,22,Female,Information Technology,8,8,6,1,0,1,7
882,22,Male,Information Technology,8,9,6,1,0,1,7
883,22,Male,Computer Science,6,5,6,1,1,0,0
884,22,Male,Information Technology,8,7,8,2,0,1,17
885,21,Male,Computer Science,6,6,5,1,1,0,0
886,21,Female,Electrical,6,4,6,0,1,0,0
887,22,Female,Information Technology,8,7,7,2,0,1,17
888,22,Male,Mechanical,6,6,4,0,1,0,0
889,21,Female,Information Technology,8,7,8,1,0,1,6
890,22,Female,Electrical,7,9,9,1,1,1,6
891,22,Male,Electronics And Communication,8,8,7,2,0,1,16
892,21,Male,Information Technology,8,7,8,2,0,1,15
893,21,Female,Computer Science,7,7,8,2,1,1,8
894,22,Male,Information Technology,6,5,5,0,1,0,0
895,22,Female,Information Technology,7,7,9,2,1,1,8
896,22,Male,Civil,6,6,4,0,1,0,0
897,22,Female,Information Technology,7,7,7,2,1,1,8
898,21,Male,Electrical,8,8,8,0,0,0,0
899,21,Male,Information Technology,7,8,8,1,1,1,7
900,22,Female,Information Technology,8,7,8,1,0,1,6
901,22,Male,Mechanical,7,9,6,0,1,0,0
902,21,Male,Information Technology,6,5,5,2,1,0,0
903,22,Female,Mechanical,7,8,8,2,1,1,9
904,21,Male,Information Technology,6,5,7,0,1,0,0
905,21,Female,Mechanical,8,9,7,1,0,1,7
906,22,Female,Electrical,8,8,6,1,0,1,7
907,21,Female,Information Technology,8,7,9,1,0,1,6
908,21,Male,Computer Science,6,6,7,1,1,0,0
909,22,Male,Information Technology,7,9,9,0,1,0,0
910,21,Male,Mechanical,8,9,6,0,0,0,0
911,21,Female,Information Technology,7,8,8,1,1,1,7
912,21,Female,Electrical,6,6,8,2,1,0,0
913,21,Male,Electronics And Communication,7,9,7,1,1,1,6
914,21,Female,Civil,7,9,6,2,1,1,10
915,22,Male,Civil,8,7,8,0,0,0,0
916,22,Female,Information Technology,6,6,8,0,1,0,0
917,22,Male,Information Technology,6,4,4,2,1,0,0
918,22,Male,Civil,7,7,7,1,1,1,6
919,21,Male,Computer Science,8,8,6,1,0,1,6
920,22,Male,Information Technology,6,6,4,2,1,0,0
921,21,Male,Civil,6,5,6,2,1,0,0
922,21,Female,Civil,8,7,9,0,0,0,0
923,21,Female,Computer Science,7,7,9,1,1,1,6
924,21,Female,Civil,7,9,9,0,1,0,0
925,21,Male,Civil,6,6,5,1,1,0,0
926,21,Male,Information Technology,8,9,9,2,0,1,16
927,21,Male,Mechanical,6,4,6,0,1,0,0
928,22,Male,Information Technology,8,9,8,1,0,1,6
929,21,Female,Civil,8,8,9,2,0,1,15
930,22,Male,Information Technology,6,4,5,0,1,0,0
931,22,Female,Electronics And Communication,7,9,7,2,1,1,9
932,21,Female,Computer Science,8,9,9,1,0,1,7
933,22,Male,Information Technology,7,9,8,2,1,1,8
934,22,Male,Computer Science,7,7,8,2,1,1,9
935,22,Female,Information Technology,7,8,9,0,1,0,0
936,22,Female,Computer Science,7,7,9,0,1,0,0
937,22,Male,Mechanical,7,7,8,0,1,0,0
938,22,Male,Computer Science,7,8,6,1,1,1,6
939,22,Female,Mechanical,7,8,9,0,1,0,0
940,22,Male,Civil,8,9,7,1,0,1,7
941,22,Male,Information Technology,7,7,9,2,1,1,9
942,22,Female,Mechanical,7,7,7,0,1,0,0
943,22,Female,Computer Science,6,4,7,0,1,0,0
944,22,Male,Electronics And Communication,8,8,8,1,0,1,6
945,22,Female,Computer Science,8,8,9,0,0,0,0
946,22,Female,Computer Science,6,4,4,1,1,0,0
947,22,Female,Computer Science,7,8,9,1,1,1,6
948,21,Male,Computer Science,8,9,6,1,0,1,7
949,21,Male,Information Technology,7,7,6,2,1,1,10
950,22,Female,Computer Science,7,8,7,0,1,0,0
951,22,Female,Information Technology,8,7,7,1,0,1,7
952,22,Male,Information Technology,7,8,6,1,1,1,6
953,22,Male,Computer Science,8,9,9,1,0,1,7
954,21,Male,Civil,8,9,7,1,0,1,7
955,21,Male,Mechanical,7,7,8,2,1,1,9
956,21,Male,Information Technology,6,6,8,2,1,0,0
957,21,Female,Information Technology,8,8,8,0,0,0,0
958,21,Male,Mechanical,7,7,6,0,1,0,0
959,22,Male,Computer Science,7,8,7,2,1,1,8
960,21,Male,Computer Science,7,7,9,2,1,1,8
961,22,Male,Mechanical,8,9,8,1,0,1,6
962,22,Female,Information Technology,8,7,7,1,0,1,6
963,21,Female,Information Technology,6,5,8,0,1,0,0
964,21,Male,Information Technology,7,7,8,0,1,0,0
965,22,Male,Information Technology,8,9,6,1,0,1,7
966,22,Male,Electrical,8,9,9,1,0,1,6
967,22,Female,Mechanical,7,8,7,2,1,1,8
968,22,Male,Electronics And Communication,6,5,5,1,1,0,0
969,21,Female,Mechanical,8,9,8,0,0,0,0
970,21,Male,Electrical,7,9,8,2,1,1,10
971,22,Male,Electronics And Communication,6,5,8,0,1,0,0
972,21,Female,Civil,8,9,6,2,0,1,13
973,21,Male,Civil,8,7,9,2,0,1,15
974,22,Female,Computer Science,7,9,7,2,1,1,10
975,21,Male,Mechanical,6,5,7,1,1,0,0
976,21,Female,Information Technology,6,5,5,2,1,0,0
977,22,Female,Computer Science,8,9,7,1,0,1,6
978,21,Male,Computer Science,7,8,8,0,1,0,0
979,22,Male,Civil,8,9,8,2,0,1,18
980,22,Female,Computer Science,8,8,9,1,0,1,6
981,22,Female,Civil,6,5,6,1,1,0,0
982,22,Male,Mechanical,7,8,8,1,1,1,7
983,21,Female,Electronics And Communication,7,7,7,0,1,0,0
984,22,Male,Information Technology,8,9,8,0,0,0,0
985,22,Female,Computer Science,6,5,4,0,1,0,0
986,22,Male,Information Technology,8,7,6,0,0,0,0
987,21,Female,Electronics And Communication,7,7,6,2,1,1,10
988,22,Female,Computer Science,8,8,8,0,0,0,0
989,22,Male,Computer Science,7,7,7,2,1,1,8
990,22,Male,Electrical,6,6,8,0,1,0,0
991,22,Male,Mechanical,6,6,7,1,1,0,0
992,22,Female,Computer Science,7,8,7,0,1,0,0
993,22,Female,Mechanical,7,7,6,1,1,1,6
994,22,Female,Computer Science,7,7,7,1,1,1,6
995,21,Male,Information Technology,6,5,4,1,1,0,0
996,21,Male,Information Technology,6,4,5,0,1,0,0
997,22,Female,Information Technology,7,9,8,1,1,1,6
998,21,Male,Information Technology,8,8,7,0,0,0,0
999,21,Male,Civil,6,6,8,2,1,0,0
1000,21,Female,Information Technology,6,4,4,1,1,0,0
1001,22,Female,Information Technology,8,8,6,1,0,1,7
1002,22,Male,Information Technology,8,9,6,0,0,0,0
1003,21,Female,Computer Science,8,8,9,0,0,0,0
1004,22,Male,Computer Science,7,7,6,1,1,1,6
1005,22,Male,Electrical,6,5,8,0,1,0,0
1006,21,Female,Civil,7,7,7,2,1,1,10
1007,21,Female,Information Technology,7,7,8,2,1,1,10
1008,22,Male,Information Technology,7,9,6,0,1,0,0
1009,21,Female,Electronics And Communication,6,6,4,1,1,0,0
1010,21,Male,Mechanical,8,7,9,1,0,1,7
1011,22,Male,Information Technology,8,8,6,0,0,0,0
1012,22,Female,Information Technology,6,6,7,1,1,0,0
1013,21,Male,Computer Science,6,6,6,1,1,0,0
1014,22,Male,Information Technology,7,8,9,0,1,0,0
1015,22,Female,Information Technology,8,9,8,0,0,0,0
1016,21,Male,Information Technology,7,9,8,1,1,1,6
1017,21,Male,Electrical,8,7,7,1,0,1,6
1018,22,Female,Civil,8,8,8,0,0,0,0
1019,22,Male,Information Technology,6,6,7,1,1,0,0
1020,22,Female,Information Technology,6,5,5,1,1,0,0
1021,21,Female,Civil,7,8,6,2,1,1,10
1022,22,Male,Electrical,7,8,7,1,1,1,6
1023,22,Male,Civil,7,9,7,1,1,1,6
1024,21,Male,Information Technology,8,8,6,2,0,1,15
1025,21,Female,Civil,6,6,7,2,1,0,0
1026,22,Female,Computer Science,6,4,8,0,1,0,0
1027,21,Female,Electronics And Communication,7,7,7,2,1,1,10
1028,22,Female,Information Technology,7,7,9,0,1,0,0
1029,21,Female,Mechanical,6,5,5,1,1,0,0
1030,22,Male,Mechanical,6,6,4,0,1,0,0
1031,21,Male,Information Technology,7,9,6,1,1,1,6
1032,22,Male,Computer Science,7,7,8,1,1,1,7
1033,21,Female,Electrical,6,6,4,1,1,0,0
1034,21,Male,Computer Science,6,6,4,0,1,0,0
1035,22,Male,Civil,6,5,8,2,1,0,0
1036,22,Female,Computer Science,7,9,9,1,1,1,7
1037,21,Male,Information Technology,8,8,7,2,0,1,11
1038,21,Male,Computer Science,7,8,8,1,1,1,7
1039,22,Female,Mechanical,6,5,8,2,1,0,0
1040,22,Male,Information Technology,8,9,9,2,0,1,12
1041,22,Male,Mechanical,6,6,5,2,1,0,0
1042,21,Female,Computer Science,8,7,9,2,0,1,12
1043,21,Male,Computer Science,8,8,9,2,0,1,13
1044,22,Male,Information Technology,8,7,8,1,0,1,6
1045,22,Male,Mechanical,7,8,7,1,1,1,7
1046,22,Female,Computer Science,7,7,8,2,1,1,8
1047,21,Male,Computer Science,8,9,7,1,0,1,7
1048,22,Female,Mechanical,7,8,8,2,1,1,9
1049,21,Male,Computer Science,7,7,7,1,1,1,6
1050,22,Female,Civil,6,6,6,0,1,0,0
1051,22,Male,Civil,8,9,8,0,0,0,0
1052,21,Female,Electrical,7,9,6,1,1,1,6
1053,21,Female,Computer Science,6,4,7,1,1,0,0
1054,22,Female,Computer Science,6,6,4,2,1,0,0
1055,22,Female,Electrical,7,7,8,0,1,0,0
1056,22,Female,Electronics And Communication,7,9,7,1,1,1,7
1057,22,Female,Civil,7,7,6,2,1,1,10
1058,21,Male,Electronics And Communication,6,6,6,0,1,0,0
1059,21,Female,Electrical,8,9,7,0,0,0,0
1060,22,Male,Computer Science,8,8,9,0,0,0,0
1061,22,Male,Electronics And Communication,6,5,7,2,1,0,0
1062,22,Female,Computer Science,7,9,7,0,1,0,0
1063,21,Female,Electronics And Communication,8,8,6,2,0,1,11
1064,22,Male,Electronics And Communication,7,9,6,1,1,1,7
1065,21,Female,Mechanical,8,8,9,1,0,1,7
1066,21,Female,Electronics And Communication,8,8,7,1,0,1,6
1067,22,Female,Electrical,7,8,6,1,1,1,6
1068,21,Female,Civil,7,7,7,1,1,1,7
1069,22,Male,Information Technology,7,9,6,2,1,1,9
1070,22,Male,Electrical,6,6,8,1,1,0,0
1071,22,Male,Electronics And Communication,6,5,8,0,1,0,0
1072,22,Female,Computer Science,6,4,4,0,1,0,0
1073,21,Female,Computer Science,8,8,6,2,0,1,16
1074,22,Male,Electronics And Communication,6,5,7,0,1,0,0
1075,21,Female,Information Technology,7,9,6,2,1,1,8
1076,21,Male,Information Technology,7,8,6,2,1,1,9
1077,21,Female,Computer Science,7,8,6,0,1,0,0
1078,21,Male,Computer Science,8,8,6,0,0,0,0
1079,22,Male,Information Technology,7,8,6,0,1,0,0
1080,21,Male,Civil,7,7,7,1,1,1,6
1081,21,Male,Computer Science,8,7,7,1,0,1,7
1082,22,Female,Mechanical,6,6,7,0,1,0,0
1083,22,Female,Mechanical,7,8,7,1,1,1,6
1084,22,Male,Information Technology,6,4,8,0,1,0,0
1085,21,Male,Electrical,6,6,8,0,1,0,0
1086,21,Female,Mechanical,6,4,5,2,1,0,0
1087,22,Male,Electrical,6,4,6,1,1,0,0
1088,22,Male,Mechanical,8,8,9,0,0,0,0
1089,22,Female,Information Technology,7,9,9,0,1,0,0
1090,22,Female,Civil,6,4,4,0,1,0,0
1091,21,Male,Information Technology,7,8,9,0,1,0,0
1092,21,Female,Computer Science,8,7,6,1,0,1,7
1093,22,Female,Electronics And Communication,7,8,6,1,1,1,7
1094,22,Female,Electronics And Communication,7,9,8,1,1,1,7
1095,22,Female,Mechanical,8,8,7,2,0,1,17
1096,22,Female,Computer Science,6,6,7,0,1,0,0
1097,22,Female,Electronics And Communication,7,8,6,0,1,0,0
1098,22,Female,Electronics And Communication,8,9,7,2,0,1,12
1099,21,Female,Electrical,8,9,7,0,0,0,0
1100,22,Female,Computer Science,7,9,9,1,1,1,6
1101,22,Male,Information Technology,9,9,6,0,0,0,0
1102,21,Female,Mechanical,8,8,8,0,0,0,0
1103,21,Female,Electronics And Communication,7,9,9,1,1,1,7
1104,22,Male,Civil,7,8,8,2,1,1,10
1105,21,Female,Information Technology,9,7,8,0,0,0,0
1106,21,Female,Civil,7,7,7,2,1,1,8
1107,22,Male,Information Technology,9,8,7,1,0,1,6
1108,22,Male,Computer Science,7,8,9,2,1,1,8
1109,21,Male,Computer Science,7,8,7,2,1,1,10
1110,21,Female,Information Technology,9,7,9,2,0,1,15
1111,21,Female,Computer Science,8,9,6,2,0,1,14
1112,22,Female,Mechanical,9,9,8,0,0,0,0
1113,21,Female,Computer Science,9,7,9,1,0,1,6
1114,21,Female,Electronics And Communication,9,8,9,2,0,1,13
1115,21,Female,Electronics And Communication,8,7,9,2,0,1,18
1116,22,Male,Computer Science,9,8,7,0,0,0,0
1117,21,Male,Electrical,8,9,7,2,0,1,11
1118,21,Male,Electronics And Communication,8,8,6,0,0,0,0
1119,22,Male,Information Technology,8,8,8,0,0,0,0
1120,21,Male,Mechanical,9,8,9,2,0,1,12
1121,21,Female,Electrical,7,8,9,1,1,1,6
1122,21,Female,Mechanical,9,9,6,2,0,1,17
1123,22,Female,Electrical,8,7,6,1,0,1,6
1124,21,Female,Civil,9,8,9,1,0,1,7
1125,22,Female,Mechanical,9,8,6,1,0,1,7
1126,21,Female,Information Technology,9,8,8,2,0,1,14
1127,22,Male,Electronics And Communication,8,8,6,0,0,0,0
1128,22,Male,Electronics And Communication,8,9,7,0,0,0,0
1129,22,Female,Electronics And Communication,9,7,8,1,0,1,6
1130,21,Female,Information Technology,8,8,7,1,0,1,7
1131,22,Female,Civil,8,8,9,2,0,1,14
1132,21,Female,Civil,7,7,7,1,1,1,6
1133,21,Female,Electrical,9,8,6,1,0,1,7
1134,22,Male,Computer Science,9,7,6,1,0,1,6
1135,22,Female,Information Technology,8,8,7,1,0,1,6
1136,22,Male,Civil,9,9,8,0,0,0,0
1137,21,Male,Mechanical,7,7,6,0,1,0,0
1138,22,Female,Information Technology,7,7,8,2,1,1,9
1139,22,Male,Civil,8,8,8,0,0,0,0
1140,22,Female,Computer Science,7,9,7,0,1,0,0
1141,21,Female,Information Technology,9,8,6,2,0,1,12
1142,22,Female,Computer Science,8,8,7,2,0,1,16
1143,22,Male,Civil,7,7,9,2,1,1,9
1144,21,Male,Computer Science,8,9,7,2,0,1,17
1145,21,Female,Civil,7,9,8,1,1,1,6
1146,22,Female,Electronics And Communication,8,9,6,1,0,1,7
1147,22,Female,Mechanical,7,7,6,2,1,1,10
1148,21,Female,Electrical,7,8,8,1,1,1,7
1149,22,Male,Electrical,8,7,6,0,0,0,0
1150,22,Female,Electrical,8,9,8,2,0,1,11
1151,21,Female,Computer Science,8,7,6,2,0,1,12
1152,21,Female,Mechanical,7,9,6,2,1,1,9
1153,21,Female,Information Technology,9,9,8,2,0,1,12
1154,22,Female,Electrical,9,7,9,1,0,1,6
1155,21,Male,Information Technology,9,9,8,2,0,1,18
1156,21,Male,Electronics And Communication,8,9,7,0,0,0,0
1157,21,Male,Computer Science,9,8,6,0,0,0,0
1158,22,Male,Information Technology,7,8,9,1,1,1,6
1159,21,Female,Mechanical,8,7,6,0,0,0,0
1160,21,Female,Mechanical,9,9,6,0,0,0,0
1161,22,Female,Information Technology,7,7,7,2,1,1,8
1162,21,Male,Information Technology,8,7,7,0,0,0,0
1163,22,Female,Civil,8,8,9,0,0,0,0
1164,21,Female,Mechanical,8,9,8,2,0,1,12
1165,22,Female,Computer Science,9,9,9,2,0,1,13
1166,22,Female,Information Technology,8,7,9,1,0,1,6
1167,21,Male,Mechanical,7,9,8,2,1,1,8
1168,21,Male,Electrical,7,9,6,0,1,0,0
1169,22,Male,Mechanical,9,9,6,0,0,0,0
1170,22,Male,Information Technology,7,7,6,2,1,1,10
1171,22,Male,Mechanical,9,7,8,1,0,1,6
1172,21,Male,Electrical,8,7,9,0,0,0,0
1173,21,Male,Information Technology,8,8,6,2,0,1,18
1174,22,Male,Information Technology,9,7,9,1,0,1,7
1175,22,Male,Computer Science,9,8,6,1,0,1,6
1176,21,Male,Civil,9,8,8,0,0,0,0
1177,22,Female,Information Technology,8,8,6,1,0,1,7
1178,21,Male,Information Technology,9,7,7,2,0,1,13
1179,22,Male,Civil,9,7,9,0,0,0,0
1180,21,Male,Electrical,8,8,7,1,0,1,7
1181,22,Female,Computer Science,9,9,9,0,0,0,0
1182,22,Female,Electrical,8,9,6,0,0,0,0
1183,21,Female,Electronics And Communication,8,7,7,1,0,1,7
1184,21,Male,Electrical,8,8,8,2,0,1,18
1185,21,Male,Civil,9,9,6,1,0,1,6
1186,21,Male,Computer Science,9,8,7,2,0,1,17
1187,21,Male,Civil,9,7,7,1,0,1,7
1188,21,Male,Information Technology,8,9,7,1,0,1,7
1189,21,Male,Civil,7,7,9,2,1,1,10
1190,21,Male,Computer Science,9,8,9,0,0,0,0
1191,22,Female,Electronics And Communication,9,8,7,2,0,1,14
1192,22,Male,Electronics And Communication,7,8,7,1,1,1,6
1193,21,Male,Electrical,8,9,8,2,0,1,16
1194,21,Female,Information Technology,8,8,7,0,0,0,0
1195,22,Female,Information Technology,8,9,7,0,0,0,0
1196,22,Female,Electrical,7,9,6,0,1,0,0
1197,21,Female,Computer Science,7,8,6,2,1,1,8
1198,22,Male,Computer Science,9,7,9,1,0,1,7
1199,21,Male,Computer Science,9,9,9,2,0,1,16
1200,22,Male,Computer Science,9,7,6,1,0,1,6
1201,21,Female,Information Technology,7,8,9,2,1,1,8
1202,22,Female,Mechanical,8,8,8,0,0,0,0
1203,22,Male,Computer Science,8,9,7,0,0,0,0
1204,21,Female,Electronics And Communication,8,9,6,0,0,0,0
1205,21,Female,Mechanical,9,8,6,0,0,0,0
1206,22,Female,Information Technology,9,7,9,2,0,1,12
1207,21,Female,Mechanical,9,8,6,2,0,1,18
1208,21,Female,Civil,9,9,7,1,0,1,6
1209,21,Male,Civil,7,7,9,0,1,0,0
1210,21,Male,Information Technology,9,8,6,0,0,0,0
1211,21,Male,Information Technology,9,9,6,1,0,1,6
1212,21,Female,Mechanical,7,7,8,2,1,1,10
1213,21,Female,Electronics And Communication,8,9,7,2,0,1,11
1214,21,Male,Mechanical,9,9,7,2,0,1,15
1215,22,Female,Computer Science,8,9,9,2,0,1,14
1216,22,Female,Computer Science,8,9,9,1,0,1,6
1217,22,Male,Information Technology,9,9,9,2,0,1,17
1218,22,Female,Electronics And Communication,7,7,6,1,1,1,6
1219,21,Female,Electronics And Communication,7,8,9,2,1,1,9
1220,21,Male,Electronics And Communication,8,7,8,1,0,1,7
1221,22,Female,Mechanical,9,8,9,1,0,1,6
1222,22,Male,Computer Science,9,9,9,2,0,1,13
1223,22,Female,Mechanical,7,9,6,2,1,1,9
1224,21,Male,Information Technology,7,9,7,0,1,0,0
1225,22,Female,Mechanical,9,8,8,2,0,1,11
1226,22,Female,Electrical,9,7,6,2,0,1,14
1227,21,Male,Computer Science,9,9,9,1,0,1,6
1228,22,Female,Computer Science,9,7,9,2,0,1,14
1229,22,Female,Mechanical,9,7,9,1,0,1,6
1230,21,Female,Information Technology,9,9,6,0,0,0,0
1231,21,Female,Mechanical,7,8,7,1,1,1,7
1232,21,Female,Electrical,7,8,8,0,1,0,0
1233,22,Female,Information Technology,9,7,6,0,0,0,0
1234,22,Male,Mechanical,7,9,8,0,1,0,0
1235,22,Female,Civil,7,8,7,2,1,1,9
1236,21,Male,Electronics And Communication,8,7,7,0,0,0,0
1237,22,Female,Information Technology,9,7,8,2,0,1,18
1238,22,Male,Mechanical,9,9,8,1,0,1,7
1239,22,Male,Mechanical,8,9,7,0,0,0,0
1240,21,Male,Computer Science,9,9,6,0,0,0,0
1241,21,Male,Information Technology,7,9,9,1,1,1,7
1242,21,Female,Electrical,8,7,7,2,0,1,16
1243,21,Male,Computer Science,9,8,7,2,0,1,12
1244,22,Male,Electrical,9,8,9,0,0,0,0
1245,22,Female,Information Technology,7,9,9,1,1,1,6
1246,22,Male,Information Technology,9,9,7,2,0,1,12
1247,21,Male,Mechanical,8,7,7,2,0,1,13
1248,22,Female,Computer Science,8,8,9,0,0,0,0
1249,21,Male,Civil,7,9,6,1,1,1,7
1250,21,Male,Computer Science,7,8,9,1,1,1,7
1251,22,Female,Information Technology,7,8,8,2,1,1,9
1252,21,Male,Computer Science,9,9,8,0,0,0,0
1253,21,Female,Mechanical,9,9,9,0,0,0,0
1254,22,Female,Mechanical,9,8,7,2,0,1,12
1255,21,Male,Civil,8,8,6,1,0,1,6
1256,21,Female,Electrical,8,8,7,1,0,1,6
1257,21,Male,Electrical,8,9,8,1,0,1,6
1258,22,Male,Electronics And Communication,7,8,7,1,1,1,6
1259,22,Female,Electronics And Communication,8,7,9,1,0,1,6
1260,21,Female,Computer Science,8,9,7,2,0,1,18
1261,22,Male,Computer Science,7,7,9,0,1,0,0
1262,22,Male,Computer Science,9,8,8,2,0,1,17
1263,21,Male,Electrical,8,7,8,0,0,0,0
1264,21,Male,Electrical,8,8,7,2,0,1,17
1265,21,Male,Electronics And Communication,7,7,8,0,1,0,0
1266,22,Female,Mechanical,7,7,9,0,1,0,0
1267,22,Male,Computer Science,7,9,7,1,1,1,7
1268,21,Female,Mechanical,8,7,8,0,0,0,0
1269,21,Male,Electronics And Communication,8,9,6,1,0,1,6
1270,21,Male,Electronics And Communication,9,7,6,2,0,1,14
1271,21,Male,Electronics And Communication,9,8,7,0,0,0,0
1272,22,Male,Computer Science,8,9,7,1,0,1,6
1273,22,Female,Information Technology,7,9,7,2,1,1,9
1274,21,Female,Mechanical,9,8,7,1,0,1,7
1275,22,Male,Mechanical,8,8,9,1,0,1,7
1276,21,Male,Information Technology,8,9,6,2,0,1,16
1277,22,Female,Mechanical,7,7,6,1,1,1,7
1278,22,Male,Information Technology,8,9,7,0,0,0,0
1279,22,Female,Information Technology,8,7,8,2,0,1,16
1280,21,Male,Information Technology,8,8,6,0,0,0,0
1281,21,Male,Mechanical,7,8,8,2,1,1,8
1282,21,Female,Electronics And Communication,8,9,9,0,0,0,0
1283,22,Male,Computer Science,9,9,9,0,0,0,0
1284,22,Female,Civil,7,7,6,2,1,1,9
1285,22,Female,Mechanical,7,9,9,0,1,0,0
1286,21,Male,Computer Science,9,7,9,2,0,1,11
1287,21,Female,Information Technology,9,9,7,1,0,1,6
1288,22,Female,Civil,7,7,9,0,1,0,0
1289,21,Male,Information Technology,8,9,7,0,0,0,0
1290,21,Female,Electronics And Communication,8,7,6,1,0,1,7
1291,21,Female,Electrical,9,8,8,1,0,1,6
1292,21,Female,Electronics And Communication,8,8,6,0,0,0,0
1293,22,Female,Information Technology,9,9,7,2,0,1,11
1294,22,Female,Mechanical,9,8,9,1,0,1,7
1295,22,Male,Computer Science,7,9,9,1,1,1,6
1296,21,Male,Information Technology,8,9,9,2,0,1,16
1297,21,Male,Information Technology,7,9,7,1,1,1,7
1298,21,Female,Electrical,7,8,6,2,1,1,8
1299,22,Male,Computer Science,8,9,7,2,0,1,18
1300,21,Male,Electronics And Communication,9,9,9,2,0,1,16
1301,25,Female,Information Technology,7,9,8,0,1,0,0
1302,26,Female,Electrical,7,8,7,1,1,1,7
1303,24,Male,Information Technology,6,4,7,1,1,0,0
1304,25,Male,Electronics And Communication,6,6,6,2,1,0,0
1305,26,Female,Computer Science,7,8,9,1,1,1,7
1306,26,Female,Computer Science,7,8,6,2,1,1,9
1307,26,Female,Computer Science,6,6,5,0,1,0,0
1308,26,Male,Information Technology,7,9,6,2,1,1,9
1309,24,Male,Computer Science,7,9,7,1,1,1,7
1310,26,Female,Civil,6,5,5,0,1,0,0
1311,26,Female,Computer Science,6,5,8,0,1,0,0
1312,26,Female,Computer Science,7,8,9,1,1,1,6
1313,26,Male,Information Technology,7,9,9,1,1,1,6
1314,26,Female,Mechanical,7,9,6,1,1,1,6
1315,26,Male,Electrical,6,4,5,2,1,0,0
1316,25,Male,Information Technology,7,7,7,2,1,1,8
1317,26,Female,Mechanical,6,5,6,0,1,0,0
1318,24,Female,Electronics And Communication,7,7,9,2,1,1,9
1319,26,Female,Electronics And Communication,6,6,8,1,1,0,0
1320,26,Female,Computer Science,6,5,4,2,1,0,0
1321,24,Male,Computer Science,6,6,7,0,1,0,0
1322,24,Male,Computer Science,6,5,7,1,1,0,0
1323,24,Male,Electrical,7,9,9,0,1,0,0
1324,25,Female,Mechanical,7,9,8,1,1,1,7
1325,25,Female,Computer Science,6,4,5,1,1,0,0
1326,25,Male,Computer Science,7,8,6,2,1,1,9
1327,26,Female,Mechanical,6,6,6,1,1,0,0
1328,26,Male,Computer Science,7,7,6,1,1,1,7
1329,26,Male,Computer Science,6,6,5,1,1,0,0
1330,26,Male,Electronics And Communication,7,9,6,2,1,1,8
1331,25,Male,Computer Science,7,8,8,2,1,1,9
1332,25,Female,Computer Science,6,6,8,2,1,0,0
1333,25,Female,Mechanical,7,8,9,1,1,1,6
1334,26,Male,Civil,7,8,7,0,1,0,0
1335,25,Male,Computer Science,7,9,8,0,1,0,0
1336,26,Female,Information Technology,6,5,6,2,1,0,0
1337,26,Female,Computer Science,7,9,9,0,1,0,0
1338,26,Male,Information Technology,7,8,7,1,1,1,7
1339,26,Female,Computer Science,6,5,8,2,1,0,0
1340,26,Male,Information Technology,7,8,8,1,1,1,6
1341,24,Male,Information Technology,7,9,8,2,1,1,8
1342,24,Male,Civil,6,5,4,2,1,0,0
1343,25,Female,Electronics And Communication,6,5,5,2,1,0,0
1344,26,Male,Mechanical,7,7,8,2,1,1,9
1345,26,Male,Mechanical,6,6,7,1,1,0,0
1346,25,Male,Computer Science,7,8,7,0,1,0,0
1347,26,Female,Computer Science,7,8,8,0,1,0,0
1348,25,Male,Computer Science,7,8,6,0,1,0,0
1349,25,Male,Computer Science,7,9,8,0,1,0,0
1350,24,Female,Computer Science,6,5,4,0,1,0,0
1351,26,Female,Electrical,6,5,8,1,1,0,0
1352,24,Female,Information Technology,7,7,8,1,1,1,6
1353,26,Male,Computer Science,7,8,7,1,1,1,6
1354,26,Female,Mechanical,7,9,7,0,1,0,0
1355,24,Female,Computer Science,7,9,9,1,1,1,7
1356,26,Male,Information Technology,6,6,5,0,1,0,0
1357,25,Male,Computer Science,6,4,7,1,1,0,0
1358,25,Male,Mechanical,6,6,7,1,1,0,0
1359,26,Male,Computer Science,6,5,6,2,1,0,0
1360,25,Female,Electronics And Communication,6,6,6,2,1,0,0
1361,22,Male,Civil,6,6,4,1,1,0,0
1362,21,Female,Electrical,6,6,7,2,1,0,0
1363,22,Female,Computer Science,7,8,8,0,1,0,0
1364,21,Female,Mechanical,6,4,5,1,1,0,0
1365,21,Male,Information Technology,7,7,6,1,1,1,7
1366,22,Male,Computer Science,7,8,7,0,1,0,0
1367,21,Female,Information Technology,7,8,6,0,1,0,0
1368,22,Male,Electrical,6,5,6,2,1,0,0
1369,21,Female,Information Technology,7,8,6,2,1,1,10
1370,22,Male,Information Technology,7,8,8,2,1,1,9
1371,21,Male,Information Technology,7,8,6,0,1,0,0
1372,21,Male,Information Technology,7,8,8,2,1,1,8
1373,22,Male,Electronics And Communication,7,7,9,0,1,0,0
1374,22,Female,Electronics And Communication,6,6,4,1,1,0,0
1375,21,Female,Electrical,7,9,6,0,1,0,0
1376,22,Female,Information Technology,6,5,7,2,1,0,0
1377,21,Female,Computer Science,6,6,5,2,1,0,0
1378,21,Female,Information Technology,6,5,4,2,1,0,0
1379,21,Male,Information Technology,7,7,6,2,1,1,8
1380,22,Male,Information Technology,6,6,7,2,1,0,0
1381,21,Male,Electronics And Communication,7,8,6,2,1,1,8
1382,22,Female,Electrical,6,5,4,1,1,0,0
1383,21,Female,Computer Science,7,9,7,2,1,1,10
1384,21,Female,Information Technology,7,7,6,1,1,1,7
1385,21,Female,Electronics And Communication,6,6,7,0,1,0,0
1386,22,Female,Information Technology,7,7,8,0,1,0,0
1387,21,Female,Computer Science,6,6,6,2,1,0,0
1388,21,Female,Mechanical,7,7,7,0,1,0,0
1389,21,Male,Computer Science,8,9,9,2,0,1,18
1390,22,Male,Information Technology,8,9,6,2,0,1,11
1391,22,Female,Information Technology,8,7,8,0,0,0,0
1392,21,Male,Electronics And Communication,7,9,9,2,1,1,10
1393,21,Female,Information Technology,6,5,6,0,1,0,0
1394,21,Male,Information Technology,8,7,8,0,0,0,0
1395,22,Female,Mechanical,8,7,9,0,0,0,0
1396,22,Male,Mechanical,7,9,7,1,1,1,6
1397,22,Female,Information Technology,8,8,7,0,0,0,0
1398,22,Male,Computer Science,6,6,4,2,1,0,0
1399,21,Female,Information Technology,6,4,5,0,1,0,0
1400,22,Male,Electrical,8,8,6,1,0,1,6
1401,22,Female,Civil,7,8,8,2,1,1,8
1402,22,Male,Civil,6,6,4,1,1,0,0
1403,22,Male,Information Technology,8,7,7,0,0,0,0
1404,21,Female,Electronics And Communication,7,8,8,0,1,0,0
1405,22,Male,Mechanical,6,6,6,1,1,0,0
1406,22,Female,Civil,8,8,7,1,0,1,6
1407,22,Female,Civil,7,7,8,0,1,0,0
1408,21,Female,Computer Science,8,8,6,0,0,0,0
1409,22,Female,Information Technology,6,4,7,0,1,0,0
1410,22,Male,Mechanical,6,4,6,0,1,0,0
1411,21,Female,Computer Science,6,6,4,0,1,0,0
1412,22,Male,Information Technology,8,7,6,0,0,0,0
1413,22,Female,Civil,6,4,5,1,1,0,0
1414,22,Male,Mechanical,8,8,7,0,0,0,0
1415,21,Male,Civil,7,9,7,1,1,1,7
1416,21,Male,Mechanical,7,8,9,0,1,0,0
1417,21,Female,Information Technology,6,5,8,1,1,0,0
1418,21,Female,Mechanical,6,5,6,2,1,0,0
1419,22,Female,Information Technology,7,9,9,2,1,1,8
1420,22,Female,Electronics And Communication,8,8,7,1,0,1,7
1421,21,Female,Information Technology,8,7,8,2,0,1,18
1422,22,Male,Electronics And Communication,7,8,8,0,1,0,0
1423,22,Female,Computer Science,8,8,7,0,0,0,0
1424,22,Male,Computer Science,7,7,6,1,1,1,6
1425,21,Male,Electronics And Communication,8,8,9,2,0,1,15
1426,22,Female,Mechanical,8,8,7,0,0,0,0
1427,21,Male,Computer Science,7,7,8,1,1,1,6
1428,22,Female,Electronics And Communication,7,8,9,2,1,1,8
1429,22,Male,Electronics And Communication,6,4,4,2,1,0,0
1430,21,Female,Electrical,8,7,9,0,0,0,0
1431,21,Male,Electronics And Communication,7,9,9,2,1,1,10
1432,21,Male,Electrical,7,9,7,2,1,1,10
1433,21,Female,Electrical,6,5,8,1,1,0,0
1434,22,Male,Computer Science,7,8,7,2,1,1,9
1435,22,Male,Information Technology,8,7,8,0,0,0,0
1436,21,Male,Electronics And Communication,7,9,9,1,1,1,7
1437,22,Male,Computer Science,6,6,7,0,1,0,0
1438,21,Female,Civil,8,8,8,2,0,1,12
1439,21,Female,Information Technology,6,4,6,0,1,0,0
1440,21,Female,Information Technology,6,4,6,1,1,0,0
1441,21,Male,Information Technology,7,9,8,1,1,1,6
1442,22,Male,Information Technology,6,5,7,1,1,0,0
1443,22,Male,Computer Science,6,4,7,2,1,0,0
1444,21,Female,Electrical,7,8,6,1,1,1,6
1445,28,Female,Computer Science,8,9,6,2,0,1,14
1446,21,Female,Computer Science,7,9,7,0,1,0,0
1447,22,Male,Information Technology,7,9,7,2,1,1,10
1448,21,Female,Computer Science,6,5,7,1,1,0,0
1449,22,Female,Electronics And Communication,8,8,9,2,0,1,16
1450,22,Female,Computer Science,6,5,7,2,1,0,0
1451,21,Female,Electrical,8,8,7,1,0,1,6
1452,21,Female,Information Technology,8,9,9,2,0,1,17
1453,22,Male,Computer Science,8,9,8,0,0,0,0
1454,22,Female,Electrical,8,7,6,2,0,1,15
1455,22,Female,Computer Science,6,4,7,2,1,0,0
1456,21,Female,Computer Science,6,4,7,2,1,0,0
1457,22,Female,Electronics And Communication,6,6,8,0,1,0,0
1458,21,Female,Electronics And Communication,6,6,6,0,1,0,0
1459,21,Female,Computer Science,7,8,9,0,1,0,0
1460,22,Male,Mechanical,6,4,8,1,1,0,0
1461,22,Male,Computer Science,8,8,8,1,0,1,6
1462,21,Male,Civil,8,8,6,2,0,1,18
1463,22,Male,Computer Science,8,7,7,1,0,1,6
1464,22,Male,Information Technology,7,7,8,1,1,1,7
1465,22,Female,Mechanical,7,8,6,1,1,1,6
1466,21,Male,Information Technology,6,4,7,2,1,0,0
1467,22,Male,Information Technology,8,7,6,0,0,0,0
1468,21,Female,Information Technology,8,9,6,2,0,1,15
1469,21,Female,Electrical,6,6,6,0,1,0,0
1470,22,Female,Information Technology,7,8,6,0,1,0,0
1471,21,Male,Information Technology,7,8,6,1,1,1,7
1472,21,Female,Electrical,8,9,8,0,0,0,0
1473,21,Female,Mechanical,7,9,9,0,1,0,0
1474,21,Female,Electronics And Communication,6,5,5,2,1,0,0
1475,22,Male,Information Technology,7,7,9,1,1,1,7
1476,22,Female,Mechanical,8,9,6,1,0,1,7
1477,22,Male,Computer Science,6,4,8,1,1,0,0
1478,21,Male,Electronics And Communication,6,6,8,1,1,0,0
1479,22,Female,Electronics And Communication,7,7,7,1,1,1,7
1480,21,Male,Computer Science,7,8,6,0,1,0,0
1481,22,Female,Electrical,6,5,4,1,1,0,0
1482,21,Female,Computer Science,6,4,6,0,1,0,0
1483,22,Male,Electronics And Communication,6,4,7,2,1,0,0
1484,22,Female,Information Technology,8,9,7,0,0,0,0
1485,22,Female,Civil,8,7,8,0,0,0,0
1486,22,Female,Computer Science,6,6,8,0,1,0,0
1487,21,Female,Information Technology,6,6,7,0,1,0,0
1488,22,Male,Civil,8,7,6,0,0,0,0
1489,22,Male,Electronics And Communication,6,6,8,1,1,0,0
1490,22,Female,Civil,6,5,7,1,1,0,0
1491,21,Male,Information Technology,8,7,8,1,0,1,6
1492,21,Male,Computer Science,7,8,9,1,1,1,7
1493,22,Male,Information Technology,8,9,6,0,0,0,0
1494,21,Male,Computer Science,7,8,6,1,1,1,6
1495,21,Male,Electrical,8,9,6,0,0,0,0
1496,21,Male,Information Technology,7,8,6,0,1,0,0
1497,21,Female,Electrical,8,9,6,0,0,0,0
1498,22,Male,Computer Science,6,4,5,1,1,0,0
1499,21,Female,Computer Science,7,9,9,0,1,0,0
1500,22,Female,Information Technology,8,8,8,2,0,1,15
1501,24,Male,Computer Science,8,8,6,0,0,0,0
1502,24,Male,Computer Science,6,6,5,1,1,0,0
1503,22,Male,Information Technology,6,6,5,2,1,0,0
1504,24,Female,Computer Science,7,7,6,1,1,1,7
1505,24,Female,Computer Science,7,8,9,0,1,0,0
1506,24,Male,Computer Science,7,9,6,0,1,0,0
1507,24,Male,Information Technology,6,6,8,2,1,0,0
1508,24,Male,Computer Science,8,9,7,2,0,1,15
1509,20,Male,Electrical,7,9,6,2,1,1,8
1510,21,Female,Computer Science,7,8,6,0,1,0,0
1511,23,Male,Electronics And Communication,7,8,6,0,1,0,0
1512,22,Male,Computer Science,8,7,7,1,0,1,6
1513,23,Male,Computer Science,7,9,7,0,1,0,0
1514,23,Female,Electrical,7,8,8,2,1,1,10
1515,22,Female,Computer Science,7,8,8,1,1,1,6
1516,24,Male,Computer Science,6,4,8,0,1,0,0
1517,22,Male,Information Technology,7,9,9,2,1,1,10
1518,24,Female,Computer Science,6,4,5,0,1,0,0
1519,22,Male,Information Technology,6,5,5,2,1,0,0
1520,23,Male,Mechanical,7,7,9,2,1,1,8
1521,22,Female,Electrical,7,7,8,1,1,1,7
1522,23,Male,Electronics And Communication,6,4,8,2,1,0,0
1523,23,Female,Electrical,8,7,8,1,0,1,7
1524,20,Female,Electrical,8,7,7,2,0,1,17
1525,24,Female,Mechanical,7,7,8,0,1,0,0
1526,24,Male,Computer Science,6,5,7,0,1,0,0
1527,20,Male,Computer Science,6,4,4,1,1,0,0
1528,24,Female,Mechanical,6,5,4,1,1,0,0
1529,22,Female,Electrical,7,9,8,2,1,1,9
1530,20,Male,Civil,6,4,8,2,1,0,0
1531,23,Male,Electronics And Communication,6,6,8,1,1,0,0
1532,23,Male,Mechanical,6,6,6,0,1,0,0
1533,22,Male,Computer Science,6,6,6,2,1,0,0
1534,22,Female,Mechanical,7,9,7,2,1,1,8
1535,23,Male,Computer Science,7,8,9,2,1,1,10
1536,22,Female,Computer Science,8,7,9,1,0,1,7
1537,20,Male,Computer Science,8,8,6,2,0,1,14
1538,20,Male,Computer Science,7,9,9,0,1,0,0
1539,21,Female,Electrical,7,7,7,2,1,1,10
1540,23,Male,Computer Science,7,8,7,2,1,1,8
1541,21,Female,Information Technology,8,9,7,0,0,0,0
1542,21,Male,Mechanical,6,4,6,2,1,0,0
1543,20,Female,Civil,8,9,9,1,0,1,6
1544,23,Male,Computer Science,7,7,7,2,1,1,8
1545,21,Female,Electronics And Communication,8,8,8,2,0,1,17
1546,24,Female,Electronics And Communication,7,9,8,2,1,1,8
1547,21,Male,Electronics And Communication,6,5,7,0,1,0,0
1548,21,Male,Electrical,8,7,7,0,0,0,0
1549,22,Male,Computer Science,6,6,7,2,1,0,0
1550,20,Male,Computer Science,7,9,9,0,1,0,0
1551,21,Female,Computer Science,7,8,6,2,1,1,10
1552,20,Female,Information Technology,6,5,8,1,1,0,0
1553,23,Female,Information Technology,8,7,6,1,0,1,7
1554,22,Female,Computer Science,7,8,7,2,1,1,8
1555,21,Female,Information Technology,8,9,6,1,0,1,7
1556,21,Male,Mechanical,6,5,5,2,1,0,0
1557,24,Male,Information Technology,8,8,6,1,0,1,6
1558,23,Female,Electronics And Communication,6,4,8,1,1,0,0
1559,22,Female,Computer Science,7,7,9,2,1,1,8
1560,20,Male,Mechanical,6,5,7,1,1,0,0
1561,24,Female,Mechanical,7,9,6,1,1,1,6
1562,21,Male,Information Technology,8,8,9,2,0,1,14
1563,23,Male,Computer Science,7,9,7,0,1,0,0
1564,23,Male,Mechanical,7,9,8,1,1,1,6
1565,23,Female,Civil,8,8,7,2,0,1,11
1566,22,Female,Electronics And Communication,7,7,7,2,1,1,10
1567,24,Female,Mechanical,8,8,8,1,0,1,7
1568,21,Female,Computer Science,8,9,6,0,0,0,0
1569,22,Female,Computer Science,6,5,6,2,1,0,0
1570,22,Female,Electronics And Communication,6,4,7,2,1,0,0
1571,23,Female,Electrical,6,6,7,0,1,0,0
1572,20,Male,Computer Science,7,7,7,0,1,0,0
1573,22,Male,Computer Science,8,9,7,0,0,0,0
1574,20,Male,Electronics And Communication,8,8,9,0,0,0,0
1575,23,Female,Computer Science,7,9,9,1,1,1,7
1576,21,Male,Information Technology,7,9,6,1,1,1,7
1577,24,Male,Civil,8,7,8,2,0,1,12
1578,21,Male,Information Technology,8,7,8,2,0,1,17
1579,21,Female,Electrical,6,5,4,1,1,0,0
1580,20,Female,Information Technology,6,5,5,2,1,0,0
1581,23,Male,Computer Science,6,5,4,0,1,0,0
1582,20,Male,Civil,5,6,8,1,1,0,0
1583,21,Male,Mechanical,5,4,5,1,1,0,0
1584,23,Female,Information Technology,6,5,7,2,1,0,0
1585,24,Male,Electronics And Communication,5,4,4,1,1,0,0
1586,22,Female,Civil,6,5,4,2,1,0,0
1587,24,Female,Computer Science,5,4,4,1,1,0,0
1588,23,Female,Computer Science,5,6,5,0,1,0,0
1589,23,Female,Information Technology,5,4,6,2,1,0,0
1590,23,Male,Information Technology,5,4,5,1,1,0,0
1591,22,Female,Civil,6,6,8,2,1,0,0
1592,24,Male,Information Technology,6,6,7,0,1,0,0
1593,22,Female,Civil,6,5,4,0,1,0,0
1594,24,Female,Computer Science,6,5,4,1,1,0,0
1595,20,Female,Computer Science,5,6,5,0,1,0,0
1596,20,Female,Computer Science,5,4,5,2,1,0,0
1597,24,Female,Mechanical,5,4,5,2,1,0,0
1598,24,Female,Civil,5,4,4,0,1,0,0
1599,21,Female,Information Technology,5,6,4,2,1,0,0
1600,23,Male,Electrical,6,5,8,0,1,0,0
1601,21,Male,Computer Science,7,9,9,1,1,1,7
1602,23,Female,Computer Science,7,9,6,1,1,1,6
1603,20,Female,Civil,6,5,4,0,1,0,0
1604,24,Female,Information Technology,7,9,8,2,1,1,9
1605,24,Female,Mechanical,7,8,8,1,1,1,7
1606,20,Male,Civil,7,9,9,0,1,0,0
1607,23,Female,Electronics And Communication,6,5,8,1,1,0,0
1608,24,Female,Mechanical,8,8,9,1,0,1,7
1609,20,Male,Mechanical,8,8,8,0,0,0,0
1610,23,Female,Information Technology,7,8,6,1,1,1,7
1611,22,Female,Information Technology,8,7,6,2,0,1,17
1612,24,Male,Electronics And Communication,7,8,9,2,1,1,10
1613,23,Female,Information Technology,7,7,9,1,1,1,7
1614,21,Male,Information Technology,7,8,8,2,1,1,8
1615,23,Female,Computer Science,8,9,8,2,0,1,14
1616,21,Female,Electronics And Communication,7,8,6,1,1,1,6
1617,24,Female,Information Technology,7,8,9,2,1,1,9
1618,24,Male,Electronics And Communication,8,8,8,1,0,1,7
1619,22,Male,Information Technology,7,7,8,1,1,1,7
1620,21,Female,Electronics And Communication,7,9,6,1,1,1,7
1621,23,Male,Electronics And Communication,8,8,7,0,0,0,0
1622,22,Male,Information Technology,7,9,8,0,1,0,0
1623,24,Male,Civil,8,8,7,0,0,0,0
1624,20,Male,Mechanical,8,9,6,2,0,1,15
1625,22,Female,Computer Science,8,7,7,1,0,1,6
1626,21,Female,Civil,8,7,7,2,0,1,14
1627,20,Male,Information Technology,7,9,9,2,1,1,9
1628,21,Female,Civil,8,9,6,1,0,1,7
1629,22,Male,Computer Science,8,8,8,2,0,1,17
1630,24,Female,Computer Science,7,9,8,0,1,0,0
1631,21,Male,Civil,7,8,6,0,1,0,0
1632,23,Male,Information Technology,8,9,7,2,0,1,16
1633,21,Female,Electrical,6,5,4,1,1,0,0
1634,20,Female,Mechanical,7,7,8,0,1,0,0
1635,24,Female,Information Technology,8,9,6,1,0,1,7
1636,20,Male,Computer Science,7,7,6,2,1,1,10
1637,23,Male,Electronics And Communication,6,4,8,1,1,0,0
1638,22,Female,Civil,6,4,6,2,1,0,0
1639,22,Male,Computer Science,8,9,6,1,0,1,7
1640,23,Female,Mechanical,8,7,9,0,0,0,0
1641,23,Male,Information Technology,7,7,7,2,1,1,10
1642,23,Male,Electrical,8,8,8,1,0,1,6
1643,20,Female,Civil,8,8,6,1,0,1,6
1644,24,Male,Mechanical,6,5,5,0,1,0,0
1645,20,Female,Electronics And Communication,8,7,9,2,0,1,11
1646,22,Female,Electronics And Communication,8,9,8,2,0,1,14
1647,20,Male,Civil,6,4,5,0,1,0,0
1648,23,Male,Electrical,7,9,6,2,1,1,8
1649,21,Female,Civil,7,7,7,1,1,1,7
1650,24,Female,Mechanical,6,6,5,1,1,0,0
1651,21,Male,Mechanical,8,9,7,0,0,0,0
1652,22,Male,Information Technology,7,8,8,1,1,1,6
1653,24,Female,Information Technology,6,5,8,2,1,0,0
1654,20,Female,Electrical,7,7,9,0,1,0,0
1655,24,Male,Mechanical,8,8,7,0,0,0,0
1656,22,Male,Mechanical,8,7,9,1,0,1,6
1657,23,Male,Information Technology,7,8,6,1,1,1,7
1658,21,Female,Information Technology,6,6,6,2,1,0,0
1659,22,Male,Electronics And Communication,8,9,8,1,0,1,7
1660,21,Female,Computer Science,6,5,6,1,1,0,0
1661,23,Male,Computer Science,7,9,7,0,1,0,0
1662,21,Female,Mechanical,7,9,9,0,1,0,0
1663,21,Male,Electronics And Communication,7,7,7,1,1,1,6
1664,20,Female,Information Technology,8,8,8,0,0,0,0
1665,21,Female,Information Technology,8,9,9,0,0,0,0
1666,22,Male,Computer Science,6,5,5,2,1,0,0
1667,24,Female,Computer Science,8,7,9,1,0,1,6
1668,20,Male,Electronics And Communication,7,9,6,2,1,1,9
1669,21,Female,Information Technology,6,5,5,2,1,0,0
1670,21,Female,Computer Science,6,5,7,1,1,0,0
1671,21,Male,Electronics And Communication,8,9,9,0,0,0,0
1672,21,Male,Computer Science,8,8,9,0,0,0,0
1673,21,Female,Electronics And Communication,8,9,9,2,0,1,17
1674,23,Male,Electronics And Communication,8,7,8,0,0,0,0
1675,21,Male,Civil,6,6,4,2,1,0,0
1676,24,Male,Electronics And Communication,8,8,7,1,0,1,6
1677,23,Male,Mechanical,6,6,7,2,1,0,0
1678,23,Female,Electrical,8,8,9,2,0,1,15
1679,23,Female,Computer Science,8,7,9,0,0,0,0
1680,22,Female,Information Technology,8,9,6,1,0,1,6
1681,21,Female,Mechanical,6,5,7,2,1,0,0
1682,24,Male,Information Technology,6,6,7,1,1,0,0
1683,24,Male,Electronics And Communication,6,4,8,2,1,0,0
1684,22,Male,Electronics And Communication,8,7,8,2,0,1,14
1685,20,Female,Mechanical,6,4,7,1,1,0,0
1686,20,Male,Computer Science,8,9,9,0,0,0,0
1687,21,Male,Electrical,6,5,8,2,1,0,0
1688,22,Female,Information Technology,6,6,4,1,1,0,0
1689,24,Female,Electronics And Communication,6,6,6,1,1,0,0
1690,21,Male,Information Technology,7,9,7,1,1,1,6
1691,24,Male,Computer Science,7,7,9,0,1,0,0
1692,22,Male,Information Technology,6,5,6,2,1,0,0
1693,24,Female,Information Technology,8,9,6,0,0,0,0
1694,22,Female,Information Technology,6,5,4,0,1,0,0
1695,21,Female,Civil,7,7,6,1,1,1,6
1696,20,Female,Mechanical,7,8,9,0,1,0,0
1697,22,Female,Computer Science,6,5,8,1,1,0,0
1698,21,Female,Computer Science,6,5,4,1,1,0,0
1699,22,Male,Electronics And Communication,7,8,9,0,1,0,0
1700,23,Male,Electronics And Communication,6,6,4,0,1,0,0
